/*
 Navicat Premium Data Transfer

 Source Server         : aliyun
 Source Server Type    : MySQL
 Source Server Version : 50733
 Source Host           : 8.141.48.181:3306
 Source Schema         : floating-population

 Target Server Type    : MySQL
 Target Server Version : 50733
 File Encoding         : 65001

 Date: 28/04/2022 19:06:09
*/

SET NAMES utf8mb4;
SET FOREIGN_KEY_CHECKS = 0;

-- ----------------------------
-- Table structure for fp_birth
-- ----------------------------
DROP TABLE IF EXISTS `fp_birth`;
CREATE TABLE `fp_birth` (
  `id` int(11) NOT NULL AUTO_INCREMENT COMMENT 'id',
  `name` varchar(20) COLLATE utf8mb4_unicode_ci DEFAULT NULL COMMENT '姓名',
  `id_card` varchar(255) COLLATE utf8mb4_unicode_ci DEFAULT NULL COMMENT '身份证号',
  `age` int(11) DEFAULT NULL COMMENT '年龄',
  `gender` varchar(10) COLLATE utf8mb4_unicode_ci DEFAULT NULL COMMENT '性别',
  `school` varchar(255) COLLATE utf8mb4_unicode_ci DEFAULT NULL COMMENT '在读学校',
  `father_id` int(11) DEFAULT NULL COMMENT '父亲角色id',
  `mother_id` int(11) DEFAULT NULL COMMENT '母亲角色id',
  PRIMARY KEY (`id`)
) ENGINE=InnoDB AUTO_INCREMENT=34 DEFAULT CHARSET=utf8mb4 COLLATE=utf8mb4_unicode_ci;

-- ----------------------------
-- Records of fp_birth
-- ----------------------------
BEGIN;
INSERT INTO `fp_birth` VALUES (1, '甲芸儿', '110101192002216814', 12, '男', '翻斗幼儿园', 21, 22);
INSERT INTO `fp_birth` VALUES (2, '通思懿', '110101192002216815', 13, '男', '翻斗幼儿园', 22, 23);
INSERT INTO `fp_birth` VALUES (3, '子车灵阳', '110101192002216816', 14, '男', '翻斗幼儿园', 23, 24);
INSERT INTO `fp_birth` VALUES (4, '莫正志', '110101192002216817', 15, '男', '翻斗幼儿园', 24, 25);
INSERT INTO `fp_birth` VALUES (5, '魏雁菡', '110101192002216814', 16, '男', '翻斗幼儿园', 25, 26);
INSERT INTO `fp_birth` VALUES (6, '淦昆皓', '110101192002216815', 17, '男', '翻斗幼儿园', 26, 27);
INSERT INTO `fp_birth` VALUES (7, '习和裕', '110101192002216816', 12, '男', '翻斗幼儿园', 27, 28);
INSERT INTO `fp_birth` VALUES (8, '甲芸儿', '110101192002216817', 13, '男', '翻斗幼儿园', 28, 29);
INSERT INTO `fp_birth` VALUES (9, '通思懿', '110101192002216814', 14, '男', '翻斗幼儿园', 29, 30);
INSERT INTO `fp_birth` VALUES (10, '子车灵阳', '110101192002216815', 14, '男', '翻斗幼儿园', 30, 31);
INSERT INTO `fp_birth` VALUES (11, '顾行', '110101192002216816', 12, '男', '翻斗幼儿园', 31, 32);
INSERT INTO `fp_birth` VALUES (21, '饶采萱', '110101192002216814', 14, '女', '翻斗幼儿园', 30, 31);
INSERT INTO `fp_birth` VALUES (22, '诗墨', '110101192002216815', 12, '男', '翻斗幼儿园', 31, 32);
INSERT INTO `fp_birth` VALUES (23, '莫正志', '110101192002216816', 13, '男', '翻斗幼儿园', 21, 22);
INSERT INTO `fp_birth` VALUES (24, '魏雁菡', '110101192002216817', 14, '男', '翻斗幼儿园', 22, 23);
INSERT INTO `fp_birth` VALUES (25, '淦昆皓', '110101192002216814', 14, '男', '翻斗幼儿园', 23, 24);
INSERT INTO `fp_birth` VALUES (26, '习和裕', '110101192002216815', 15, '男', '翻斗幼儿园', 24, 25);
INSERT INTO `fp_birth` VALUES (27, '甲芸儿', '110101192002216816', 16, '男', '翻斗幼儿园', 25, 26);
INSERT INTO `fp_birth` VALUES (28, '甲芸儿', '110101192002216817', 17, '男', '翻斗幼儿园', 26, 27);
INSERT INTO `fp_birth` VALUES (29, '通思懿', '110101192002216814', 18, '男', '翻斗幼儿园', 27, 28);
INSERT INTO `fp_birth` VALUES (30, '子车灵阳', '110101192002216815', 14, '男', '翻斗幼儿园', 28, 29);
INSERT INTO `fp_birth` VALUES (31, '顾行', '110101192002216816', 12, '男', '翻斗幼儿园', 29, 30);
INSERT INTO `fp_birth` VALUES (32, '嘉浩', '110101192002216817', 13, '男', '翻斗幼儿园', 30, 31);
INSERT INTO `fp_birth` VALUES (33, '柏永思', '110101192002216814', 14, '男', '翻斗幼儿园', 31, 32);
COMMIT;

-- ----------------------------
-- Table structure for fp_illegal
-- ----------------------------
DROP TABLE IF EXISTS `fp_illegal`;
CREATE TABLE `fp_illegal` (
  `id` int(11) NOT NULL AUTO_INCREMENT COMMENT 'id',
  `order_id` varchar(255) COLLATE utf8mb4_unicode_ci DEFAULT NULL COMMENT '订单号',
  `punishment_auhority` varchar(255) COLLATE utf8mb4_unicode_ci DEFAULT NULL COMMENT '处罚机关',
  `illegal_time` timestamp NULL DEFAULT NULL COMMENT '违法时间',
  `illegal_place` varchar(255) COLLATE utf8mb4_unicode_ci DEFAULT NULL COMMENT '违法地点',
  `illegal_activities` varchar(255) COLLATE utf8mb4_unicode_ci DEFAULT NULL COMMENT '违法行为',
  `illegal_person` varchar(20) COLLATE utf8mb4_unicode_ci DEFAULT NULL COMMENT '违法人员',
  `illegal_id_card` varchar(30) COLLATE utf8mb4_unicode_ci DEFAULT NULL COMMENT '违法人员身份证号',
  `forfeit` varchar(255) COLLATE utf8mb4_unicode_ci DEFAULT NULL COMMENT '罚款金额',
  `other_measures` varchar(255) COLLATE utf8mb4_unicode_ci DEFAULT NULL COMMENT '其他措施',
  `penalty_time` timestamp NULL DEFAULT NULL COMMENT '处罚时间',
  `is_accepted` tinyint(1) DEFAULT NULL COMMENT '是否受理',
  `receiver` varchar(255) COLLATE utf8mb4_unicode_ci DEFAULT NULL COMMENT '受理人',
  `acceptance_time` timestamp NULL DEFAULT CURRENT_TIMESTAMP COMMENT '受理时间',
  PRIMARY KEY (`id`)
) ENGINE=InnoDB AUTO_INCREMENT=59 DEFAULT CHARSET=utf8mb4 COLLATE=utf8mb4_unicode_ci;

-- ----------------------------
-- Records of fp_illegal
-- ----------------------------
BEGIN;
INSERT INTO `fp_illegal` VALUES (1, '10001', '西城区交警大队', '2022-02-22 00:00:00', '菜市场', '违规停车', '张三', '2222222222222', '200', '无', '2021-02-21 00:00:00', 0, '管理员', '2022-02-22 16:55:05');
INSERT INTO `fp_illegal` VALUES (2, '10002', '西城区交警大队', '2022-02-23 00:00:00', '菜市场', '违规停车', '张三', '2222222222222', '201', '无', '2021-02-22 00:00:00', 0, '管理员', '2022-02-23 16:55:05');
INSERT INTO `fp_illegal` VALUES (3, '10003', '西城区交警大队', '2022-02-24 00:00:00', '菜市场', '违规停车', '张三', '2222222222222', '202', '无', '2021-03-23 00:00:00', 0, '管理员', '2022-02-24 16:55:05');
INSERT INTO `fp_illegal` VALUES (4, '10004', '西城区交警大队', '2022-02-25 00:00:00', '菜市场', '违规停车', '张三', '2222222222222', '203', '无', '2021-02-24 00:00:00', 0, '管理员', '2022-02-25 16:55:05');
INSERT INTO `fp_illegal` VALUES (5, '10005', '西城区交警大队', '2022-02-26 00:00:00', '菜市场', '违规停车', '张三', '2222222222222', '204', '无', '2021-02-25 00:00:00', 0, '管理员', '2022-02-26 16:55:05');
INSERT INTO `fp_illegal` VALUES (6, '10006', '西城区交警大队', '2022-02-27 00:00:00', '菜市场', '违规停车', '张三', '2222222222222', '205', '无', '2021-03-26 00:00:00', 0, '管理员', '2022-02-27 16:55:05');
INSERT INTO `fp_illegal` VALUES (7, '10007', '西城区交警大队', '2022-02-28 00:00:00', '菜市场', '违规停车', '张三', '2222222222222', '206', '无', '2021-04-27 00:00:00', 0, '管理员', '2022-02-28 16:55:05');
INSERT INTO `fp_illegal` VALUES (8, '10008', '西城区交警大队', '2022-03-01 00:00:00', '菜市场', '违规停车', '张三', '2222222222222', '207', '无', '2021-04-28 00:00:00', 0, '管理员', '2022-03-01 16:55:05');
INSERT INTO `fp_illegal` VALUES (9, '10009', '西城区交警大队', '2022-03-02 00:00:00', '菜市场', '违规停车', '张三', '2222222222222', '208', '无', '2021-05-01 00:00:00', 0, '管理员', '2022-03-02 16:55:05');
INSERT INTO `fp_illegal` VALUES (10, '10010', '西城区交警大队', '2022-03-03 00:00:00', '菜市场', '违规停车', '张三', '2222222222222', '209', '无', '2021-06-02 00:00:00', 1, '管理员', '2022-03-03 16:55:05');
INSERT INTO `fp_illegal` VALUES (11, '10011', '西城区交警大队', '2022-03-04 00:00:00', '菜市场', '违规停车', '张三', '2222222222222', '210', '无', '2021-07-03 00:00:00', 1, '管理员', '2022-03-04 16:55:05');
INSERT INTO `fp_illegal` VALUES (12, '10012', '西城区交警大队', '2022-03-05 00:00:00', '菜市场', '违规停车', '张三', '2222222222222', '211', '无', '2021-08-04 00:00:00', 1, '管理员', '2022-03-05 16:55:05');
INSERT INTO `fp_illegal` VALUES (13, '10013', '西城区交警大队', '2022-03-06 00:00:00', '菜市场', '违规停车', '张三', '2222222222222', '212', '无', '2021-08-05 00:00:00', 0, '管理员', '2022-03-06 16:55:05');
INSERT INTO `fp_illegal` VALUES (14, '10014', '西城区交警大队', '2022-03-07 00:00:00', '菜市场', '违规停车', '张三', '2222222222222', '213', '无', '2021-09-06 00:00:00', 0, '管理员', '2022-03-07 16:55:05');
INSERT INTO `fp_illegal` VALUES (15, '10015', '西城区交警大队', '2022-03-08 00:00:00', '菜市场', '违规停车', '张三', '2222222222222', '214', '无', '2021-10-07 00:00:00', 0, '管理员', '2022-03-08 16:55:05');
INSERT INTO `fp_illegal` VALUES (16, '10016', '西城区交警大队', '2022-03-09 00:00:00', '菜市场', '违规停车', '张三', '2222222222222', '215', '无', '2021-11-08 00:00:00', 1, '管理员', '2022-03-09 16:55:05');
INSERT INTO `fp_illegal` VALUES (17, '10017', '西城区交警大队', '2022-03-10 00:00:00', '菜市场', '违规停车', '张三', '2222222222222', '216', '无', '2021-12-09 00:00:00', 1, '管理员', '2022-03-10 16:55:05');
INSERT INTO `fp_illegal` VALUES (19, '10019', '西城区交警大队', '2022-02-22 00:00:00', '菜市场', '违规停车', '张三', '2222222222222', '200', '无', '2021-02-21 00:00:00', 1, '管理员', '2022-02-22 16:55:05');
INSERT INTO `fp_illegal` VALUES (20, '10020', '西城区交警大队', '2022-02-23 00:00:00', '菜市场', '违规停车', '张三', '2222222222222', '201', '无', '2021-02-22 00:00:00', 0, '管理员', '2022-02-23 16:55:05');
INSERT INTO `fp_illegal` VALUES (21, '10021', '西城区交警大队', '2022-02-24 00:00:00', '菜市场', '违规停车', '张三', '2222222222222', '202', '无', '2021-03-23 00:00:00', 0, '管理员', '2022-02-24 16:55:05');
INSERT INTO `fp_illegal` VALUES (22, '10022', '西城区交警大队', '2022-02-25 00:00:00', '菜市场', '违规停车', '张三', '2222222222222', '203', '无', '2021-02-24 00:00:00', 0, '管理员', '2022-02-25 16:55:05');
INSERT INTO `fp_illegal` VALUES (23, '10023', '西城区交警大队', '2022-02-26 00:00:00', '菜市场', '违规停车', '张三', '2222222222222', '204', '无', '2021-02-25 00:00:00', 0, '管理员', '2022-02-26 16:55:05');
INSERT INTO `fp_illegal` VALUES (24, '10024', '西城区交警大队', '2022-02-27 00:00:00', '菜市场', '违规停车', '张三', '2222222222222', '205', '无', '2021-03-26 00:00:00', 0, '管理员', '2022-02-27 16:55:05');
INSERT INTO `fp_illegal` VALUES (25, '10025', '西城区交警大队', '2022-02-28 00:00:00', '菜市场', '违规停车', '张三', '2222222222222', '206', '无', '2021-04-27 00:00:00', 0, '管理员', '2022-02-28 16:55:05');
INSERT INTO `fp_illegal` VALUES (26, '10026', '西城区交警大队', '2022-03-01 00:00:00', '菜市场', '违规停车', '张三', '2222222222222', '207', '无', '2021-04-28 00:00:00', 0, '管理员', '2022-03-01 16:55:05');
INSERT INTO `fp_illegal` VALUES (27, '10027', '西城区交警大队', '2022-03-02 00:00:00', '菜市场', '违规停车', '张三', '2222222222222', '208', '无', '2021-05-01 00:00:00', 0, '管理员', '2022-03-02 16:55:05');
INSERT INTO `fp_illegal` VALUES (28, '10028', '西城区交警大队', '2022-03-03 00:00:00', '菜市场', '违规停车', '张三', '2222222222222', '209', '无', '2021-06-02 00:00:00', 1, '管理员', '2022-03-03 16:55:05');
INSERT INTO `fp_illegal` VALUES (29, '10029', '西城区交警大队', '2022-03-04 00:00:00', '菜市场', '违规停车', '张三', '2222222222222', '210', '无', '2021-07-03 00:00:00', 1, '管理员', '2022-03-04 16:55:05');
INSERT INTO `fp_illegal` VALUES (30, '10030', '西城区交警大队', '2022-03-05 00:00:00', '菜市场', '违规停车', '张三', '2222222222222', '211', '无', '2021-08-04 00:00:00', 1, '管理员', '2022-03-05 16:55:05');
INSERT INTO `fp_illegal` VALUES (31, '10031', '西城区交警大队', '2022-03-06 00:00:00', '菜市场', '违规停车', '张三', '2222222222222', '212', '无', '2021-08-05 00:00:00', 0, '管理员', '2022-03-06 16:55:05');
INSERT INTO `fp_illegal` VALUES (32, '10032', '西城区交警大队', '2022-03-07 00:00:00', '菜市场', '违规停车', '张三', '2222222222222', '213', '无', '2021-09-06 00:00:00', 0, '管理员', '2022-03-07 16:55:05');
INSERT INTO `fp_illegal` VALUES (33, '10033', '西城区交警大队', '2022-03-08 00:00:00', '菜市场', '违规停车', '张三', '2222222222222', '214', '无', '2021-10-07 00:00:00', 0, '管理员', '2022-03-08 16:55:05');
INSERT INTO `fp_illegal` VALUES (34, '10034', '西城区交警大队', '2022-03-09 00:00:00', '菜市场', '违规停车', '张三', '2222222222222', '215', '无', '2021-11-08 00:00:00', 1, '管理员', '2022-03-09 16:55:05');
INSERT INTO `fp_illegal` VALUES (35, '10035', '西城区交警大队', '2022-03-10 00:00:00', '菜市场', '违规停车', '张三', '2222222222222', '216', '无', '2021-12-09 00:00:00', 1, '管理员', '2022-03-10 16:55:05');
INSERT INTO `fp_illegal` VALUES (36, '10036', '西城区交警大队', '2022-03-12 00:00:00', '菜市场', '违规停车', '张三', '2222222222222', '218', '无', '2021-12-10 00:00:00', 0, '管理员', '2022-03-12 16:55:05');
INSERT INTO `fp_illegal` VALUES (37, '10037', '西城区交警大队', '2022-02-22 00:00:00', '菜市场', '违规停车', '张三', '2222222222222', '200', '无', '2021-02-21 00:00:00', 0, '管理员', '2022-02-22 16:55:05');
INSERT INTO `fp_illegal` VALUES (38, '10038', '西城区交警大队', '2022-02-23 00:00:00', '菜市场', '违规停车', '张三', '2222222222222', '201', '无', '2021-02-22 00:00:00', 0, '管理员', '2022-02-23 16:55:05');
INSERT INTO `fp_illegal` VALUES (39, '10039', '西城区交警大队', '2022-02-24 00:00:00', '菜市场', '违规停车', '张三', '2222222222222', '202', '无', '2021-03-23 00:00:00', 0, '管理员', '2022-02-24 16:55:05');
INSERT INTO `fp_illegal` VALUES (40, '10040', '西城区交警大队', '2022-02-25 00:00:00', '菜市场', '违规停车', '张三', '2222222222222', '203', '无', '2021-02-24 00:00:00', 0, '管理员', '2022-02-25 16:55:05');
INSERT INTO `fp_illegal` VALUES (41, '10041', '西城区交警大队', '2022-02-26 00:00:00', '菜市场', '违规停车', '张三', '2222222222222', '204', '无', '2021-02-25 00:00:00', 0, '管理员', '2022-02-26 16:55:05');
INSERT INTO `fp_illegal` VALUES (42, '10042', '西城区交警大队', '2022-02-27 00:00:00', '菜市场', '违规停车', '张三', '2222222222222', '205', '无', '2021-03-26 00:00:00', 0, '管理员', '2022-02-27 16:55:05');
INSERT INTO `fp_illegal` VALUES (43, '10043', '西城区交警大队', '2022-02-28 00:00:00', '菜市场', '违规停车', '张三', '2222222222222', '206', '无', '2021-04-27 00:00:00', 0, '管理员', '2022-02-28 16:55:05');
INSERT INTO `fp_illegal` VALUES (44, '10044', '西城区交警大队', '2022-03-01 00:00:00', '菜市场', '违规停车', '张三', '2222222222222', '207', '无', '2021-04-28 00:00:00', 0, '管理员', '2022-03-01 16:55:05');
INSERT INTO `fp_illegal` VALUES (45, '10045', '西城区交警大队', '2022-03-02 00:00:00', '菜市场', '违规停车', '张三', '2222222222222', '208', '无', '2021-05-01 00:00:00', 0, '管理员', '2022-03-02 16:55:05');
INSERT INTO `fp_illegal` VALUES (46, '10046', '西城区交警大队', '2022-03-03 00:00:00', '菜市场', '违规停车', '张三', '2222222222222', '209', '无', '2021-06-02 00:00:00', 1, '管理员', '2022-03-03 16:55:05');
INSERT INTO `fp_illegal` VALUES (47, '10047', '西城区交警大队', '2022-03-04 00:00:00', '菜市场', '违规停车', '张三', '2222222222222', '210', '无', '2021-07-03 00:00:00', 1, '管理员', '2022-03-04 16:55:05');
INSERT INTO `fp_illegal` VALUES (48, '10048', '西城区交警大队', '2022-03-05 00:00:00', '菜市场', '违规停车', '张三', '2222222222222', '211', '无', '2021-08-04 00:00:00', 1, '管理员', '2022-03-05 16:55:05');
INSERT INTO `fp_illegal` VALUES (49, '10049', '西城区交警大队', '2022-03-06 00:00:00', '菜市场', '违规停车', '张三', '2222222222222', '212', '无', '2021-08-05 00:00:00', 0, '管理员', '2022-03-06 16:55:05');
INSERT INTO `fp_illegal` VALUES (50, '10050', '西城区交警大队', '2022-03-07 00:00:00', '菜市场', '违规停车', '张三', '2222222222222', '213', '无', '2021-09-06 00:00:00', 0, '管理员', '2022-03-07 16:55:05');
INSERT INTO `fp_illegal` VALUES (51, '10051', '西城区交警大队', '2022-03-08 00:00:00', '菜市场', '违规停车', '张三', '2222222222222', '214', '无', '2021-10-07 00:00:00', 0, '管理员', '2022-03-08 16:55:05');
INSERT INTO `fp_illegal` VALUES (52, '10052', '西城区交警大队', '2022-03-09 00:00:00', '菜市场', '违规停车', '张三', '2222222222222', '215', '无', '2021-11-08 00:00:00', 1, '管理员', '2022-03-09 16:55:05');
INSERT INTO `fp_illegal` VALUES (53, '10053', '西城区交警大队', '2022-03-10 00:00:00', '菜市场', '违规停车', '张三', '2222222222222', '216', '无', '2021-12-09 00:00:00', 1, '管理员', '2022-03-10 16:55:05');
INSERT INTO `fp_illegal` VALUES (54, '10054', '西城区交警大队', '2022-03-12 00:00:00', '菜市场', '违规停车', '张三', '2222222222222', '218', '无', '2021-12-10 00:00:00', 0, '管理员', '2022-03-12 16:55:05');
INSERT INTO `fp_illegal` VALUES (55, '10055', '西城区交警大队', '2022-02-22 00:00:00', '菜市场', '违规停车', '张三', '2222222222222', '200', '无', '2021-02-21 00:00:00', 0, '管理员', '2022-02-22 16:55:05');
INSERT INTO `fp_illegal` VALUES (56, '10056', '西城区交警大队', '2022-02-23 00:00:00', '菜市场', '违规停车', '张三', '2222222222222', '201', '无', '2021-02-22 00:00:00', 0, '管理员', '2022-02-23 16:55:05');
INSERT INTO `fp_illegal` VALUES (57, '10057', '西城区交警大队', '2022-02-24 00:00:00', '菜市场', '违规停车', '张三', '2222222222222', '202', '无', '2021-03-23 00:00:00', 0, '管理员', '2022-02-24 16:55:05');
INSERT INTO `fp_illegal` VALUES (58, '10058', '西城区交警大队', '2022-02-25 00:00:00', '菜市场', '违规停车', '张三', '2222222222222', '203', '无', '2021-02-24 00:00:00', 0, '管理员', '2022-02-25 16:55:05');
COMMIT;

-- ----------------------------
-- Table structure for fp_info
-- ----------------------------
DROP TABLE IF EXISTS `fp_info`;
CREATE TABLE `fp_info` (
  `id` int(11) NOT NULL AUTO_INCREMENT COMMENT 'id',
  `infoname` varchar(20) COLLATE utf8mb4_unicode_ci DEFAULT NULL COMMENT '真实姓名',
  `age` int(11) DEFAULT NULL COMMENT '年龄',
  `gender` varchar(20) COLLATE utf8mb4_unicode_ci DEFAULT NULL COMMENT '性别',
  `nation` varchar(20) COLLATE utf8mb4_unicode_ci DEFAULT NULL COMMENT '民族',
  `id_card` varchar(20) COLLATE utf8mb4_unicode_ci DEFAULT NULL COMMENT '身份证号',
  `political_outlook` varchar(40) COLLATE utf8mb4_unicode_ci DEFAULT NULL COMMENT '政治面貌',
  `marital` varchar(40) COLLATE utf8mb4_unicode_ci DEFAULT NULL COMMENT '婚姻状况',
  `current_sidence` varchar(255) COLLATE utf8mb4_unicode_ci DEFAULT NULL COMMENT '现居地',
  `phone` varchar(20) COLLATE utf8mb4_unicode_ci DEFAULT NULL COMMENT '手机号',
  `is_senior_technician` tinyint(1) DEFAULT '0' COMMENT '是否为高级技术人才',
  `is_disability` tinyint(1) DEFAULT '0' COMMENT '是否残疾',
  `is_soldier` tinyint(1) DEFAULT '0' COMMENT '是否军人',
  `is_foreigner` tinyint(1) DEFAULT '0' COMMENT '是否外国人',
  PRIMARY KEY (`id`)
) ENGINE=InnoDB AUTO_INCREMENT=210 DEFAULT CHARSET=utf8mb4 COLLATE=utf8mb4_unicode_ci;

-- ----------------------------
-- Records of fp_info
-- ----------------------------
BEGIN;
INSERT INTO `fp_info` VALUES (1, '顾行', 22, '男', '汉族', '110101192002216398', '群众', '未婚', '湖塘边', '1345678910', 1, 0, 1, 1);
INSERT INTO `fp_info` VALUES (2, '嘉浩', 55, '男', '汉族', '110101192002217278', '中国共产主义青年团团员', '未婚', '湖塘边02', '15649436801', 0, 1, 0, 0);
INSERT INTO `fp_info` VALUES (3, '柏永思', 18, '男', '汉族', '110101192002216814', '群众', '未婚', '湖塘边03', '13641237042', 0, 0, 0, 0);
INSERT INTO `fp_info` VALUES (4, '隆毅君', 55, '男', '汉族', '110101192002219070', '中国共产主义青年团团员', '未婚', '湖塘边04', '13817771799', 0, 0, 1, 0);
INSERT INTO `fp_info` VALUES (5, '茆畅', 20, '男', '汉族', '11010119200221961X', '群众', '未婚', '湖塘边05', '15192146442', 0, 0, 0, 1);
INSERT INTO `fp_info` VALUES (6, '旁梦菡', 21, '男', '汉族', '110101192002217294', '中国共产主义青年团团员', '已婚', '湖塘边06', '13078151407', 0, 1, 0, 0);
INSERT INTO `fp_info` VALUES (7, '但蕙', 22, '男', '汉族', '110101192002218879', '中国共产主义青年团团员', '未婚', '湖塘边07', '15571161912', 0, 0, 0, 0);
INSERT INTO `fp_info` VALUES (8, '贾濯', 23, '男', '汉族', '110101192002219855', '中国共产主义青年团团员', '未婚', '湖塘边08', '13876705612', 1, 0, 0, 1);
INSERT INTO `fp_info` VALUES (9, '鄢思凡', 24, '男', '汉族', '110101192002219556', '中国共产党党员', '未婚', '湖塘边09', '18929964831', 0, 0, 0, 0);
INSERT INTO `fp_info` VALUES (10, '衅海荣', 25, '男', '汉族', '110101192002218959', '中国共产党党员', '已婚', '湖塘边10', '18956856107', 1, 0, 1, 0);
INSERT INTO `fp_info` VALUES (12, '诗墨', 28, '女', '汉族', '110101192002219353', '中国共产主义青年团团员', '未婚', '湖塘边13', '13008200989', 0, 1, 0, 0);
INSERT INTO `fp_info` VALUES (13, '莫正志', 45, '女', '汉族', '110101192002219134', '中国共产主义青年团团员', '未婚', '湖塘边16', '15337052526', 1, 0, 0, 0);
INSERT INTO `fp_info` VALUES (16, '习和裕', 34, '男', '汉族', '110101192002218852', '群众', '丧偶', '湖塘边19', '13227313833', 0, 0, 1, 0);
INSERT INTO `fp_info` VALUES (17, '甲芸儿', 54, '女', '汉族', '110101192002217614', '群众', '未婚', '湖塘边20', '13779211887', 1, 0, 0, 0);
INSERT INTO `fp_info` VALUES (18, '通思懿', 36, '女', '汉族', '110101192002217390', '群众', '未婚', '湖塘边21', '15942022439', 0, 0, 0, 1);
INSERT INTO `fp_info` VALUES (19, '子车灵阳', 70, '男', '汉族', '110101192002218414', '群众', '未婚', '湖塘边22', '15338763111', 1, 0, 0, 0);
INSERT INTO `fp_info` VALUES (20, '莫正志', 45, '女', '汉族', '110101192002219134', '中国共产主义青年团团员', '未婚', '湖塘边16', '15337052526', 1, 0, 0, 0);
INSERT INTO `fp_info` VALUES (21, '魏雁菡', 32, '男', '汉族', '110101192002217972', '中国共产主义青年团团员', '丧偶', '湖塘边17', '13692553902', 0, 1, 1, 0);
INSERT INTO `fp_info` VALUES (22, '淦昆皓', 33, '男', '汉族', '110101192002218190', '中国共产主义青年团团员', '未婚', '湖塘边18', '15652921395', 1, 1, 0, 1);
INSERT INTO `fp_info` VALUES (23, '习和裕', 34, '男', '汉族', '110101192002218852', '群众', '丧偶', '湖塘边19', '13227313833', 0, 0, 1, 0);
INSERT INTO `fp_info` VALUES (24, '甲芸儿', 54, '女', '汉族', '110101192002217614', '群众', '未婚', '湖塘边20', '13779211887', 1, 0, 0, 0);
INSERT INTO `fp_info` VALUES (25, '通思懿', 36, '女', '汉族', '110101192002217390', '中国民主促进会会员', '未婚', '湖塘边21', '15942022439', 0, 0, 0, 1);
INSERT INTO `fp_info` VALUES (26, '子车灵阳', 70, '男', '汉族', '110101192002218414', '群众', '未婚', '湖塘边22', '15338763111', 1, 0, 0, 0);
INSERT INTO `fp_info` VALUES (27, '顾行', 22, '男', '汉族', '110101192002216398', '群众', '未婚', '湖塘边', '1345678910', 1, 0, 1, 1);
INSERT INTO `fp_info` VALUES (28, '嘉浩', 55, '男', '汉族', '110101192002217278', '中国共产主义青年团团员', '未婚', '湖塘边02', '15649436801', 0, 1, 0, 0);
INSERT INTO `fp_info` VALUES (29, '柏永思', 18, '男', '汉族', '110101192002216814', '群众', '未婚', '湖塘边03', '13641237042', 0, 0, 0, 0);
INSERT INTO `fp_info` VALUES (30, '隆毅君', 55, '男', '汉族', '110101192002219070', '中国共产主义青年团团员', '未婚', '湖塘边04', '13817771799', 0, 0, 1, 0);
INSERT INTO `fp_info` VALUES (31, '茆畅', 20, '男', '汉族', '11010119200221961X', '群众', '未婚', '湖塘边05', '15192146442', 0, 0, 0, 1);
INSERT INTO `fp_info` VALUES (32, '旁梦菡', 21, '男', '汉族', '110101192002217294', '中国共产主义青年团团员', '已婚', '湖塘边06', '13078151407', 0, 1, 0, 0);
INSERT INTO `fp_info` VALUES (33, '但蕙', 22, '男', '汉族', '110101192002218879', '中国共产主义青年团团员', '未婚', '湖塘边07', '15571161912', 0, 0, 0, 0);
INSERT INTO `fp_info` VALUES (34, '贾濯', 23, '男', '汉族', '110101192002219855', '中国共产主义青年团团员', '未婚', '湖塘边08', '13876705612', 1, 0, 0, 1);
INSERT INTO `fp_info` VALUES (35, '鄢思凡', 24, '男', '汉族', '110101192002219556', '中国共产党党员', '未婚', '湖塘边09', '18929964831', 0, 0, 0, 0);
INSERT INTO `fp_info` VALUES (36, '衅海荣', 25, '男', '汉族', '110101192002218959', '中国共产党党员', '已婚', '湖塘边10', '18956856107', 1, 0, 1, 0);
INSERT INTO `fp_info` VALUES (37, '饶采萱', 27, '女', '汉族', '110101192002216670', '中国共产党党员', '已婚', '湖塘边12', '15647778592', 0, 0, 0, 0);
INSERT INTO `fp_info` VALUES (38, '诗墨', 28, '女', '汉族', '110101192002219353', '中国致公党党员', '未婚', '湖塘边13', '13008200989', 0, 1, 0, 0);
INSERT INTO `fp_info` VALUES (39, '莫正志', 45, '女', '汉族', '110101192002219134', '中国共产主义青年团团员', '未婚', '湖塘边16', '15337052526', 1, 0, 0, 0);
INSERT INTO `fp_info` VALUES (40, '魏雁菡', 32, '男', '汉族', '110101192002217972', '中国共产主义青年团团员', '丧偶', '湖塘边17', '13692553902', 0, 1, 1, 0);
INSERT INTO `fp_info` VALUES (41, '淦昆皓', 33, '男', '汉族', '110101192002218190', '中国共产主义青年团团员', '未婚', '湖塘边18', '15652921395', 1, 1, 0, 1);
INSERT INTO `fp_info` VALUES (42, '习和裕', 34, '男', '汉族', '110101192002218852', '群众', '丧偶', '湖塘边19', '13227313833', 0, 0, 1, 0);
INSERT INTO `fp_info` VALUES (43, '甲芸儿', 54, '女', '汉族', '110101192002217614', '群众', '未婚', '湖塘边20', '13779211887', 1, 0, 0, 0);
INSERT INTO `fp_info` VALUES (44, '通思懿', 36, '女', '汉族', '110101192002217390', '群众', '未婚', '湖塘边21', '15942022439', 0, 0, 0, 1);
INSERT INTO `fp_info` VALUES (45, '子车灵阳', 70, '男', '汉族', '110101192002218414', '群众', '未婚', '湖塘边22', '15338763111', 1, 0, 0, 0);
INSERT INTO `fp_info` VALUES (46, '莫正志', 45, '女', '汉族', '110101192002219134', '中国共产主义青年团团员', '未婚', '湖塘边16', '15337052526', 1, 0, 0, 0);
INSERT INTO `fp_info` VALUES (47, '魏雁菡', 32, '男', '汉族', '110101192002217972', '中国共产主义青年团团员', '丧偶', '湖塘边17', '13692553902', 0, 1, 1, 0);
INSERT INTO `fp_info` VALUES (48, '淦昆皓', 33, '男', '汉族', '110101192002218190', '中国共产主义青年团团员', '未婚', '湖塘边18', '15652921395', 1, 1, 0, 1);
INSERT INTO `fp_info` VALUES (49, '习和裕', 34, '男', '汉族', '110101192002218852', '群众', '丧偶', '湖塘边19', '13227313833', 0, 0, 1, 0);
INSERT INTO `fp_info` VALUES (50, '甲芸儿', 54, '女', '汉族', '110101192002217614', '群众', '未婚', '湖塘边20', '13779211887', 1, 0, 0, 0);
INSERT INTO `fp_info` VALUES (51, '通思懿', 36, '女', '汉族', '110101192002217390', '群众', '未婚', '湖塘边21', '15942022439', 0, 0, 0, 1);
INSERT INTO `fp_info` VALUES (52, '子车灵阳', 70, '男', '汉族', '110101192002218414', '群众', '未婚', '湖塘边22', '15338763111', 1, 0, 0, 0);
INSERT INTO `fp_info` VALUES (53, '顾行', 22, '男', '汉族', '110101192002216398', '群众', '未婚', '湖塘边', '1345678910', 1, 0, 1, 1);
INSERT INTO `fp_info` VALUES (54, '嘉浩', 55, '男', '汉族', '110101192002217278', '中国共产主义青年团团员', '未婚', '湖塘边02', '15649436801', 0, 1, 0, 0);
INSERT INTO `fp_info` VALUES (55, '柏永思', 18, '男', '汉族', '110101192002216814', '群众', '未婚', '湖塘边03', '13641237042', 0, 0, 0, 0);
INSERT INTO `fp_info` VALUES (56, '隆毅君', 55, '男', '汉族', '110101192002219070', '中国共产主义青年团团员', '未婚', '湖塘边04', '13817771799', 0, 0, 1, 0);
INSERT INTO `fp_info` VALUES (57, '茆畅', 20, '男', '汉族', '11010119200221961X', '群众', '未婚', '湖塘边05', '15192146442', 0, 0, 0, 1);
INSERT INTO `fp_info` VALUES (58, '旁梦菡', 21, '男', '汉族', '110101192002217294', '中国共产主义青年团团员', '已婚', '湖塘边06', '13078151407', 0, 1, 0, 0);
INSERT INTO `fp_info` VALUES (59, '但蕙', 22, '男', '汉族', '110101192002218879', '中国共产主义青年团团员', '未婚', '湖塘边07', '15571161912', 0, 0, 0, 0);
INSERT INTO `fp_info` VALUES (60, '贾濯', 23, '男', '汉族', '110101192002219855', '中国共产主义青年团团员', '未婚', '湖塘边08', '13876705612', 1, 0, 0, 1);
INSERT INTO `fp_info` VALUES (61, '鄢思凡', 24, '男', '汉族', '110101192002219556', '中国共产党党员', '未婚', '湖塘边09', '18929964831', 0, 0, 0, 0);
INSERT INTO `fp_info` VALUES (62, '衅海荣', 25, '男', '汉族', '110101192002218959', '中国共产党党员', '已婚', '湖塘边10', '18956856107', 1, 0, 1, 0);
INSERT INTO `fp_info` VALUES (63, '饶采萱', 27, '女', '汉族', '110101192002216670', '中国共产党党员', '已婚', '湖塘边12', '15647778592', 0, 0, 0, 0);
INSERT INTO `fp_info` VALUES (64, '诗墨', 28, '女', '汉族', '110101192002219353', '中国共产主义青年团团员', '未婚', '湖塘边13', '13008200989', 0, 1, 0, 0);
INSERT INTO `fp_info` VALUES (65, '莫正志', 45, '女', '汉族', '110101192002219134', '九三学社社员', '未婚', '湖塘边16', '15337052526', 1, 0, 0, 0);
INSERT INTO `fp_info` VALUES (66, '魏雁菡', 32, '男', '汉族', '110101192002217972', '中国共产主义青年团团员', '丧偶', '湖塘边17', '13692553902', 0, 1, 1, 0);
INSERT INTO `fp_info` VALUES (67, '淦昆皓', 33, '男', '汉族', '110101192002218190', '中国共产主义青年团团员', '未婚', '湖塘边18', '15652921395', 1, 1, 0, 1);
INSERT INTO `fp_info` VALUES (68, '习和裕', 34, '男', '汉族', '110101192002218852', '群众', '丧偶', '湖塘边19', '13227313833', 0, 0, 1, 0);
INSERT INTO `fp_info` VALUES (69, '甲芸儿', 54, '女', '汉族', '110101192002217614', '无党派民主人士', '未婚', '湖塘边20', '13779211887', 1, 0, 0, 0);
INSERT INTO `fp_info` VALUES (70, '通思懿', 36, '女', '汉族', '110101192002217390', '群众', '未婚', '湖塘边21', '15942022439', 0, 0, 0, 1);
INSERT INTO `fp_info` VALUES (71, '子车灵阳', 70, '男', '汉族', '110101192002218414', '群众', '未婚', '湖塘边22', '15338763111', 1, 0, 0, 0);
INSERT INTO `fp_info` VALUES (72, '莫正志', 45, '女', '汉族', '110101192002219134', '中国共产主义青年团团员', '未婚', '湖塘边16', '15337052526', 1, 0, 0, 0);
INSERT INTO `fp_info` VALUES (73, '魏雁菡', 32, '男', '汉族', '110101192002217972', '九三学社社员', '丧偶', '湖塘边17', '13692553902', 0, 1, 1, 0);
INSERT INTO `fp_info` VALUES (74, '淦昆皓', 33, '男', '汉族', '110101192002218190', '中国共产主义青年团团员', '未婚', '湖塘边18', '15652921395', 1, 1, 0, 1);
INSERT INTO `fp_info` VALUES (75, '习和裕', 34, '男', '汉族', '110101192002218852', '群众', '丧偶', '湖塘边19', '13227313833', 0, 0, 1, 0);
INSERT INTO `fp_info` VALUES (76, '甲芸儿', 54, '女', '汉族', '110101192002217614', '群众', '未婚', '湖塘边20', '13779211887', 1, 0, 0, 0);
INSERT INTO `fp_info` VALUES (77, '通思懿', 36, '女', '汉族', '110101192002217390', '群众', '未婚', '湖塘边21', '15942022439', 0, 0, 0, 1);
INSERT INTO `fp_info` VALUES (78, '子车灵阳', 70, '男', '汉族', '110101192002218414', '群众', '未婚', '湖塘边22', '15338763111', 1, 0, 0, 0);
INSERT INTO `fp_info` VALUES (79, '顾行', 22, '男', '汉族', '110101192002216398', '群众', '未婚', '湖塘边', '1345678910', 1, 0, 1, 1);
INSERT INTO `fp_info` VALUES (80, '嘉浩', 55, '男', '汉族', '110101192002217278', '中国共产主义青年团团员', '未婚', '湖塘边02', '15649436801', 0, 1, 0, 0);
INSERT INTO `fp_info` VALUES (81, '柏永思', 18, '男', '汉族', '110101192002216814', '群众', '未婚', '湖塘边03', '13641237042', 0, 0, 0, 0);
INSERT INTO `fp_info` VALUES (82, '隆毅君', 55, '男', '汉族', '110101192002219070', '中国共产主义青年团团员', '未婚', '湖塘边04', '13817771799', 0, 0, 1, 0);
INSERT INTO `fp_info` VALUES (83, '茆畅', 20, '男', '汉族', '11010119200221961X', '群众', '未婚', '湖塘边05', '15192146442', 0, 0, 0, 1);
INSERT INTO `fp_info` VALUES (84, '旁梦菡', 21, '男', '汉族', '110101192002217294', '中国共产主义青年团团员', '已婚', '湖塘边06', '13078151407', 0, 1, 0, 0);
INSERT INTO `fp_info` VALUES (85, '但蕙', 22, '男', '汉族', '110101192002218879', '中国共产主义青年团团员', '未婚', '湖塘边07', '15571161912', 0, 0, 0, 0);
INSERT INTO `fp_info` VALUES (86, '贾濯', 23, '男', '汉族', '110101192002219855', '中国共产主义青年团团员', '未婚', '湖塘边08', '13876705612', 1, 0, 0, 1);
INSERT INTO `fp_info` VALUES (87, '鄢思凡', 24, '男', '汉族', '110101192002219556', '中国共产党党员', '未婚', '湖塘边09', '18929964831', 0, 0, 0, 0);
INSERT INTO `fp_info` VALUES (88, '衅海荣', 25, '男', '汉族', '110101192002218959', '中国共产党党员', '已婚', '湖塘边10', '18956856107', 1, 0, 1, 0);
INSERT INTO `fp_info` VALUES (89, '饶采萱', 27, '女', '汉族', '110101192002216670', '中国共产党党员', '已婚', '湖塘边12', '15647778592', 0, 0, 0, 0);
INSERT INTO `fp_info` VALUES (90, '诗墨', 28, '女', '汉族', '110101192002219353', '中国共产主义青年团团员', '未婚', '湖塘边13', '13008200989', 0, 1, 0, 0);
INSERT INTO `fp_info` VALUES (91, '莫正志', 45, '女', '汉族', '110101192002219134', '无党派民主人士', '未婚', '湖塘边16', '15337052526', 1, 0, 0, 0);
INSERT INTO `fp_info` VALUES (92, '魏雁菡', 32, '男', '汉族', '110101192002217972', '中国共产主义青年团团员', '丧偶', '湖塘边17', '13692553902', 0, 1, 1, 0);
INSERT INTO `fp_info` VALUES (93, '淦昆皓', 33, '男', '汉族', '110101192002218190', '中国共产主义青年团团员', '未婚', '湖塘边18', '15652921395', 1, 1, 0, 1);
INSERT INTO `fp_info` VALUES (94, '习和裕', 34, '男', '汉族', '110101192002218852', '群众', '丧偶', '湖塘边19', '13227313833', 0, 0, 1, 0);
INSERT INTO `fp_info` VALUES (95, '甲芸儿', 54, '女', '汉族', '110101192002217614', '群众', '未婚', '湖塘边20', '13779211887', 1, 0, 0, 0);
INSERT INTO `fp_info` VALUES (96, '通思懿', 36, '女', '汉族', '110101192002217390', '群众', '未婚', '湖塘边21', '15942022439', 0, 0, 0, 1);
INSERT INTO `fp_info` VALUES (97, '子车灵阳', 70, '男', '汉族', '110101192002218414', '群众', '未婚', '湖塘边22', '15338763111', 1, 0, 0, 0);
INSERT INTO `fp_info` VALUES (98, '莫正志', 45, '女', '汉族', '110101192002219134', '中国共产主义青年团团员', '未婚', '湖塘边16', '15337052526', 1, 0, 0, 0);
INSERT INTO `fp_info` VALUES (99, '魏雁菡', 32, '男', '汉族', '110101192002217972', '中国共产主义青年团团员', '丧偶', '湖塘边17', '13692553902', 0, 1, 1, 0);
INSERT INTO `fp_info` VALUES (100, '淦昆皓', 33, '男', '汉族', '110101192002218190', '中国共产主义青年团团员', '未婚', '湖塘边18', '15652921395', 1, 1, 0, 1);
INSERT INTO `fp_info` VALUES (101, '习和裕', 34, '男', '汉族', '110101192002218852', '群众', '丧偶', '湖塘边19', '13227313833', 0, 0, 1, 0);
INSERT INTO `fp_info` VALUES (102, '甲芸儿', 54, '女', '汉族', '110101192002217614', '群众', '未婚', '湖塘边20', '13779211887', 1, 0, 0, 0);
INSERT INTO `fp_info` VALUES (103, '通思懿', 36, '女', '汉族', '110101192002217390', '群众', '未婚', '湖塘边21', '15942022439', 0, 0, 0, 1);
INSERT INTO `fp_info` VALUES (104, '子车灵阳', 70, '男', '汉族', '110101192002218414', '群众', '未婚', '湖塘边22', '15338763111', 1, 0, 0, 0);
INSERT INTO `fp_info` VALUES (105, '顾行', 22, '男', '汉族', '110101192002216398', '群众', '未婚', '湖塘边', '1345678910', 1, 0, 1, 1);
INSERT INTO `fp_info` VALUES (106, '嘉浩', 55, '男', '汉族', '110101192002217278', '中国共产主义青年团团员', '未婚', '湖塘边02', '15649436801', 0, 1, 0, 0);
INSERT INTO `fp_info` VALUES (107, '柏永思', 18, '男', '汉族', '110101192002216814', '群众', '未婚', '湖塘边03', '13641237042', 0, 0, 0, 0);
INSERT INTO `fp_info` VALUES (108, '隆毅君', 55, '男', '汉族', '110101192002219070', '中国共产主义青年团团员', '未婚', '湖塘边04', '13817771799', 0, 0, 1, 0);
INSERT INTO `fp_info` VALUES (109, '茆畅', 20, '男', '汉族', '11010119200221961X', '群众', '未婚', '湖塘边05', '15192146442', 0, 0, 0, 1);
INSERT INTO `fp_info` VALUES (110, '旁梦菡', 21, '男', '汉族', '110101192002217294', '中国共产主义青年团团员', '已婚', '湖塘边06', '13078151407', 0, 1, 0, 0);
INSERT INTO `fp_info` VALUES (111, '但蕙', 22, '男', '汉族', '110101192002218879', '中国共产主义青年团团员', '未婚', '湖塘边07', '15571161912', 0, 0, 0, 0);
INSERT INTO `fp_info` VALUES (112, '贾濯', 23, '男', '汉族', '110101192002219855', '中国共产主义青年团团员', '未婚', '湖塘边08', '13876705612', 1, 0, 0, 1);
INSERT INTO `fp_info` VALUES (113, '鄢思凡', 24, '男', '汉族', '110101192002219556', '中国共产党党员', '未婚', '湖塘边09', '18929964831', 0, 0, 0, 0);
INSERT INTO `fp_info` VALUES (114, '衅海荣', 25, '男', '汉族', '110101192002218959', '中国共产党党员', '已婚', '湖塘边10', '18956856107', 1, 0, 1, 0);
INSERT INTO `fp_info` VALUES (115, '饶采萱', 27, '女', '汉族', '110101192002216670', '中国共产党党员', '已婚', '湖塘边12', '15647778592', 0, 0, 0, 0);
INSERT INTO `fp_info` VALUES (116, '诗墨', 28, '女', '汉族', '110101192002219353', '中国共产主义青年团团员', '未婚', '湖塘边13', '13008200989', 0, 1, 0, 0);
INSERT INTO `fp_info` VALUES (117, '莫正志', 45, '女', '汉族', '110101192002219134', '中国共产主义青年团团员', '未婚', '湖塘边16', '15337052526', 1, 0, 0, 0);
INSERT INTO `fp_info` VALUES (118, '魏雁菡', 32, '男', '汉族', '110101192002217972', '中国共产主义青年团团员', '丧偶', '湖塘边17', '13692553902', 0, 1, 1, 0);
INSERT INTO `fp_info` VALUES (119, '淦昆皓', 33, '男', '汉族', '110101192002218190', '中国共产主义青年团团员', '未婚', '湖塘边18', '15652921395', 1, 1, 0, 1);
INSERT INTO `fp_info` VALUES (120, '习和裕', 34, '男', '汉族', '110101192002218852', '群众', '丧偶', '湖塘边19', '13227313833', 0, 0, 1, 0);
INSERT INTO `fp_info` VALUES (121, '甲芸儿', 54, '女', '汉族', '110101192002217614', '群众', '未婚', '湖塘边20', '13779211887', 1, 0, 0, 0);
INSERT INTO `fp_info` VALUES (122, '通思懿', 36, '女', '汉族', '110101192002217390', '群众', '未婚', '湖塘边21', '15942022439', 0, 0, 0, 1);
INSERT INTO `fp_info` VALUES (123, '子车灵阳', 70, '男', '汉族', '110101192002218414', '群众', '未婚', '湖塘边22', '15338763111', 1, 0, 0, 0);
INSERT INTO `fp_info` VALUES (124, '莫正志', 45, '女', '汉族', '110101192002219134', '中国共产主义青年团团员', '未婚', '湖塘边16', '15337052526', 1, 0, 0, 0);
INSERT INTO `fp_info` VALUES (125, '魏雁菡', 32, '男', '汉族', '110101192002217972', '中国共产主义青年团团员', '丧偶', '湖塘边17', '13692553902', 0, 1, 1, 0);
INSERT INTO `fp_info` VALUES (126, '淦昆皓', 33, '男', '汉族', '110101192002218190', '中国共产主义青年团团员', '未婚', '湖塘边18', '15652921395', 1, 1, 0, 1);
INSERT INTO `fp_info` VALUES (127, '习和裕', 34, '男', '汉族', '110101192002218852', '群众', '丧偶', '湖塘边19', '13227313833', 0, 0, 1, 0);
INSERT INTO `fp_info` VALUES (128, '甲芸儿', 54, '女', '汉族', '110101192002217614', '群众', '未婚', '湖塘边20', '13779211887', 1, 0, 0, 0);
INSERT INTO `fp_info` VALUES (129, '通思懿', 36, '女', '汉族', '110101192002217390', '群众', '未婚', '湖塘边21', '15942022439', 0, 0, 0, 1);
INSERT INTO `fp_info` VALUES (130, '子车灵阳', 70, '男', '汉族', '110101192002218414', '群众', '未婚', '湖塘边22', '15338763111', 1, 0, 0, 0);
INSERT INTO `fp_info` VALUES (131, '顾行', 22, '男', '汉族', '110101192002216398', '群众', '未婚', '湖塘边', '1345678910', 1, 0, 1, 1);
INSERT INTO `fp_info` VALUES (132, '嘉浩', 55, '男', '汉族', '110101192002217278', '中国共产主义青年团团员', '未婚', '湖塘边02', '15649436801', 0, 1, 0, 0);
INSERT INTO `fp_info` VALUES (133, '柏永思', 18, '男', '汉族', '110101192002216814', '群众', '未婚', '湖塘边03', '13641237042', 0, 0, 0, 0);
INSERT INTO `fp_info` VALUES (134, '隆毅君', 55, '男', '汉族', '110101192002219070', '中国共产主义青年团团员', '未婚', '湖塘边04', '13817771799', 0, 0, 1, 0);
INSERT INTO `fp_info` VALUES (135, '茆畅', 20, '男', '汉族', '11010119200221961X', '群众', '未婚', '湖塘边05', '15192146442', 0, 0, 0, 1);
INSERT INTO `fp_info` VALUES (136, '旁梦菡', 21, '男', '汉族', '110101192002217294', '中国共产主义青年团团员', '已婚', '湖塘边06', '13078151407', 0, 1, 0, 0);
INSERT INTO `fp_info` VALUES (137, '但蕙', 22, '男', '汉族', '110101192002218879', '中国共产主义青年团团员', '未婚', '湖塘边07', '15571161912', 0, 0, 0, 0);
INSERT INTO `fp_info` VALUES (138, '贾濯', 23, '男', '汉族', '110101192002219855', '中国共产主义青年团团员', '未婚', '湖塘边08', '13876705612', 1, 0, 0, 1);
INSERT INTO `fp_info` VALUES (139, '鄢思凡', 24, '男', '汉族', '110101192002219556', '中国共产党党员', '未婚', '湖塘边09', '18929964831', 0, 0, 0, 0);
INSERT INTO `fp_info` VALUES (140, '衅海荣', 25, '男', '汉族', '110101192002218959', '中国共产党党员', '已婚', '湖塘边10', '18956856107', 1, 0, 1, 0);
INSERT INTO `fp_info` VALUES (141, '饶采萱', 27, '女', '汉族', '110101192002216670', '中国共产党党员', '已婚', '湖塘边12', '15647778592', 0, 0, 0, 0);
INSERT INTO `fp_info` VALUES (142, '诗墨', 28, '女', '汉族', '110101192002219353', '中国共产主义青年团团员', '未婚', '湖塘边13', '13008200989', 0, 1, 0, 0);
INSERT INTO `fp_info` VALUES (143, '莫正志', 45, '女', '汉族', '110101192002219134', '中国共产主义青年团团员', '未婚', '湖塘边16', '15337052526', 1, 0, 0, 0);
INSERT INTO `fp_info` VALUES (144, '魏雁菡', 32, '男', '汉族', '110101192002217972', '中国共产主义青年团团员', '丧偶', '湖塘边17', '13692553902', 0, 1, 1, 0);
INSERT INTO `fp_info` VALUES (145, '淦昆皓', 33, '男', '汉族', '110101192002218190', '中国共产主义青年团团员', '未婚', '湖塘边18', '15652921395', 1, 1, 0, 1);
INSERT INTO `fp_info` VALUES (146, '习和裕', 34, '男', '汉族', '110101192002218852', '群众', '丧偶', '湖塘边19', '13227313833', 0, 0, 1, 0);
INSERT INTO `fp_info` VALUES (147, '甲芸儿', 54, '女', '汉族', '110101192002217614', '群众', '未婚', '湖塘边20', '13779211887', 1, 0, 0, 0);
INSERT INTO `fp_info` VALUES (148, '通思懿', 36, '女', '汉族', '110101192002217390', '群众', '未婚', '湖塘边21', '15942022439', 0, 0, 0, 1);
INSERT INTO `fp_info` VALUES (149, '子车灵阳', 70, '男', '汉族', '110101192002218414', '群众', '未婚', '湖塘边22', '15338763111', 1, 0, 0, 0);
INSERT INTO `fp_info` VALUES (150, '莫正志', 45, '女', '汉族', '110101192002219134', '中国共产主义青年团团员', '未婚', '湖塘边16', '15337052526', 1, 0, 0, 0);
INSERT INTO `fp_info` VALUES (151, '魏雁菡', 32, '男', '汉族', '110101192002217972', '中国共产主义青年团团员', '丧偶', '湖塘边17', '13692553902', 0, 1, 1, 0);
INSERT INTO `fp_info` VALUES (152, '淦昆皓', 33, '男', '汉族', '110101192002218190', '中国共产主义青年团团员', '未婚', '湖塘边18', '15652921395', 1, 1, 0, 1);
INSERT INTO `fp_info` VALUES (153, '习和裕', 34, '男', '汉族', '110101192002218852', '群众', '丧偶', '湖塘边19', '13227313833', 0, 0, 1, 0);
INSERT INTO `fp_info` VALUES (154, '甲芸儿', 54, '女', '汉族', '110101192002217614', '群众', '未婚', '湖塘边20', '13779211887', 1, 0, 0, 0);
INSERT INTO `fp_info` VALUES (155, '通思懿', 36, '女', '汉族', '110101192002217390', '群众', '未婚', '湖塘边21', '15942022439', 0, 0, 0, 1);
INSERT INTO `fp_info` VALUES (156, '子车灵阳', 70, '男', '汉族', '110101192002218414', '群众', '未婚', '湖塘边22', '15338763111', 1, 0, 0, 0);
INSERT INTO `fp_info` VALUES (157, '顾行', 22, '男', '汉族', '110101192002216398', '群众', '未婚', '湖塘边', '1345678910', 1, 0, 1, 1);
INSERT INTO `fp_info` VALUES (158, '嘉浩', 55, '男', '汉族', '110101192002217278', '中国共产主义青年团团员', '未婚', '湖塘边02', '15649436801', 0, 1, 0, 0);
INSERT INTO `fp_info` VALUES (159, '柏永思', 18, '男', '汉族', '110101192002216814', '群众', '未婚', '湖塘边03', '13641237042', 0, 0, 0, 0);
INSERT INTO `fp_info` VALUES (160, '隆毅君', 55, '男', '汉族', '110101192002219070', '中国共产主义青年团团员', '未婚', '湖塘边04', '13817771799', 0, 0, 1, 0);
INSERT INTO `fp_info` VALUES (161, '茆畅', 20, '男', '汉族', '11010119200221961X', '群众', '未婚', '湖塘边05', '15192146442', 0, 0, 0, 1);
INSERT INTO `fp_info` VALUES (162, '旁梦菡', 21, '男', '汉族', '110101192002217294', '中国共产主义青年团团员', '已婚', '湖塘边06', '13078151407', 0, 1, 0, 0);
INSERT INTO `fp_info` VALUES (163, '但蕙', 22, '男', '汉族', '110101192002218879', '中国共产主义青年团团员', '未婚', '湖塘边07', '15571161912', 0, 0, 0, 0);
INSERT INTO `fp_info` VALUES (164, '贾濯', 23, '男', '汉族', '110101192002219855', '中国共产主义青年团团员', '未婚', '湖塘边08', '13876705612', 1, 0, 0, 1);
INSERT INTO `fp_info` VALUES (165, '鄢思凡', 24, '男', '汉族', '110101192002219556', '中国共产党党员', '未婚', '湖塘边09', '18929964831', 0, 0, 0, 0);
INSERT INTO `fp_info` VALUES (166, '衅海荣', 25, '男', '汉族', '110101192002218959', '中国共产党党员', '已婚', '湖塘边10', '18956856107', 1, 0, 1, 0);
INSERT INTO `fp_info` VALUES (167, '饶采萱', 27, '女', '汉族', '110101192002216670', '中国共产党党员', '已婚', '湖塘边12', '15647778592', 0, 0, 0, 0);
INSERT INTO `fp_info` VALUES (168, '诗墨', 28, '女', '汉族', '110101192002219353', '中国共产主义青年团团员', '未婚', '湖塘边13', '13008200989', 0, 1, 0, 0);
INSERT INTO `fp_info` VALUES (169, '莫正志', 45, '女', '汉族', '110101192002219134', '中国共产主义青年团团员', '未婚', '湖塘边16', '15337052526', 1, 0, 0, 0);
INSERT INTO `fp_info` VALUES (170, '魏雁菡', 32, '男', '汉族', '110101192002217972', '中国共产主义青年团团员', '丧偶', '湖塘边17', '13692553902', 0, 1, 1, 0);
INSERT INTO `fp_info` VALUES (171, '淦昆皓', 33, '男', '汉族', '110101192002218190', '中国共产主义青年团团员', '未婚', '湖塘边18', '15652921395', 1, 1, 0, 1);
INSERT INTO `fp_info` VALUES (172, '习和裕', 34, '男', '汉族', '110101192002218852', '群众', '丧偶', '湖塘边19', '13227313833', 0, 0, 1, 0);
INSERT INTO `fp_info` VALUES (173, '甲芸儿', 54, '女', '汉族', '110101192002217614', '群众', '未婚', '湖塘边20', '13779211887', 1, 0, 0, 0);
INSERT INTO `fp_info` VALUES (174, '通思懿', 36, '女', '汉族', '110101192002217390', '群众', '未婚', '湖塘边21', '15942022439', 0, 0, 0, 1);
INSERT INTO `fp_info` VALUES (175, '子车灵阳', 70, '男', '汉族', '110101192002218414', '群众', '未婚', '湖塘边22', '15338763111', 1, 0, 0, 0);
INSERT INTO `fp_info` VALUES (176, '莫正志', 45, '女', '汉族', '110101192002219134', '中国共产主义青年团团员', '未婚', '湖塘边16', '15337052526', 1, 0, 0, 0);
INSERT INTO `fp_info` VALUES (177, '魏雁菡', 32, '男', '汉族', '110101192002217972', '中国共产主义青年团团员', '丧偶', '湖塘边17', '13692553902', 0, 1, 1, 0);
INSERT INTO `fp_info` VALUES (178, '淦昆皓', 33, '男', '汉族', '110101192002218190', '中国共产主义青年团团员', '未婚', '湖塘边18', '15652921395', 1, 1, 0, 1);
INSERT INTO `fp_info` VALUES (179, '习和裕', 34, '男', '汉族', '110101192002218852', '群众', '丧偶', '湖塘边19', '13227313833', 0, 0, 1, 0);
INSERT INTO `fp_info` VALUES (180, '甲芸儿', 54, '女', '汉族', '110101192002217614', '群众', '未婚', '湖塘边20', '13779211887', 1, 0, 0, 0);
INSERT INTO `fp_info` VALUES (181, '通思懿', 36, '女', '汉族', '110101192002217390', '群众', '未婚', '湖塘边21', '15942022439', 0, 0, 0, 1);
INSERT INTO `fp_info` VALUES (182, '子车灵阳', 70, '男', '汉族', '110101192002218414', '群众', '未婚', '湖塘边22', '15338763111', 1, 0, 0, 0);
INSERT INTO `fp_info` VALUES (183, '顾行', 22, '男', '汉族', '110101192002216398', '群众', '未婚', '湖塘边', '1345678910', 1, 0, 1, 1);
INSERT INTO `fp_info` VALUES (184, '嘉浩', 55, '男', '汉族', '110101192002217278', '中国共产主义青年团团员', '未婚', '湖塘边02', '15649436801', 0, 1, 0, 0);
INSERT INTO `fp_info` VALUES (185, '柏永思', 18, '男', '汉族', '110101192002216814', '群众', '未婚', '湖塘边03', '13641237042', 0, 0, 0, 0);
INSERT INTO `fp_info` VALUES (186, '隆毅君', 55, '男', '汉族', '110101192002219070', '中国共产主义青年团团员', '未婚', '湖塘边04', '13817771799', 0, 0, 1, 0);
INSERT INTO `fp_info` VALUES (187, '茆畅', 20, '男', '汉族', '11010119200221961X', '群众', '未婚', '湖塘边05', '15192146442', 0, 0, 0, 1);
INSERT INTO `fp_info` VALUES (188, '旁梦菡', 21, '男', '汉族', '110101192002217294', '中国共产主义青年团团员', '已婚', '湖塘边06', '13078151407', 0, 1, 0, 0);
INSERT INTO `fp_info` VALUES (189, '但蕙', 22, '男', '汉族', '110101192002218879', '中国共产主义青年团团员', '未婚', '湖塘边07', '15571161912', 0, 0, 0, 0);
INSERT INTO `fp_info` VALUES (190, '贾濯', 23, '男', '汉族', '110101192002219855', '中国共产主义青年团团员', '未婚', '湖塘边08', '13876705612', 1, 0, 0, 1);
INSERT INTO `fp_info` VALUES (191, '鄢思凡', 24, '男', '汉族', '110101192002219556', '中国共产党党员', '未婚', '湖塘边09', '18929964831', 0, 0, 0, 0);
INSERT INTO `fp_info` VALUES (192, '衅海荣', 25, '男', '汉族', '110101192002218959', '中国共产党党员', '已婚', '湖塘边10', '18956856107', 1, 0, 1, 0);
INSERT INTO `fp_info` VALUES (193, '饶采萱', 27, '女', '汉族', '110101192002216670', '中国共产党党员', '已婚', '湖塘边12', '15647778592', 0, 0, 0, 0);
INSERT INTO `fp_info` VALUES (194, '诗墨', 28, '女', '汉族', '110101192002219353', '中国共产主义青年团团员', '未婚', '湖塘边13', '13008200989', 0, 1, 0, 0);
INSERT INTO `fp_info` VALUES (195, '莫正志', 45, '女', '汉族', '110101192002219134', '中国共产主义青年团团员', '未婚', '湖塘边16', '15337052526', 1, 0, 0, 0);
INSERT INTO `fp_info` VALUES (196, '魏雁菡', 32, '男', '汉族', '110101192002217972', '中国共产主义青年团团员', '丧偶', '湖塘边17', '13692553902', 0, 1, 1, 0);
INSERT INTO `fp_info` VALUES (197, '淦昆皓', 33, '男', '汉族', '110101192002218190', '中国共产主义青年团团员', '未婚', '湖塘边18', '15652921395', 1, 1, 0, 1);
INSERT INTO `fp_info` VALUES (198, '习和裕', 34, '男', '汉族', '110101192002218852', '群众', '丧偶', '湖塘边19', '13227313833', 0, 0, 1, 0);
INSERT INTO `fp_info` VALUES (199, '甲芸儿', 54, '女', '汉族', '110101192002217614', '群众', '未婚', '湖塘边20', '13779211887', 1, 0, 0, 0);
INSERT INTO `fp_info` VALUES (200, '通思懿', 36, '女', '汉族', '110101192002217390', '群众', '未婚', '湖塘边21', '15942022439', 0, 0, 0, 1);
INSERT INTO `fp_info` VALUES (201, '子车灵阳', 70, '男', '汉族', '110101192002218414', '群众', '未婚', '湖塘边22', '15338763111', 1, 0, 0, 0);
INSERT INTO `fp_info` VALUES (202, '莫正志', 45, '女', '汉族', '110101192002219134', '中国共产主义青年团团员', '未婚', '湖塘边16', '15337052526', 1, 0, 0, 0);
INSERT INTO `fp_info` VALUES (203, '魏雁菡', 32, '男', '汉族', '110101192002217972', '中国共产主义青年团团员', '丧偶', '湖塘边17', '13692553902', 0, 1, 1, 0);
INSERT INTO `fp_info` VALUES (204, '淦昆皓', 33, '男', '汉族', '110101192002218190', '中国共产主义青年团团员', '未婚', '湖塘边18', '15652921395', 1, 1, 0, 1);
INSERT INTO `fp_info` VALUES (205, '习和裕', 34, '男', '汉族', '110101192002218852', '群众', '丧偶', '湖塘边19', '13227313833', 0, 0, 1, 0);
INSERT INTO `fp_info` VALUES (206, '甲芸儿', 54, '女', '汉族', '110101192002217614', '群众', '未婚', '湖塘边20', '13779211887', 1, 0, 0, 0);
INSERT INTO `fp_info` VALUES (207, '通思懿', 36, '女', '汉族', '110101192002217390', '群众', '未婚', '湖塘边21', '15942022439', 0, 0, 0, 1);
INSERT INTO `fp_info` VALUES (208, '子车灵阳', 70, '男', '汉族', '110101192002218414', '群众', '未婚', '湖塘边22', '15338763111', 1, 0, 0, 0);
INSERT INTO `fp_info` VALUES (209, '费纷纷', 12, '男', '汉族', '2132319933433235', '中国共产党党员', '已婚', '桥洞', '12341244235', 0, 0, 0, 1);
COMMIT;

-- ----------------------------
-- Table structure for fp_residence
-- ----------------------------
DROP TABLE IF EXISTS `fp_residence`;
CREATE TABLE `fp_residence` (
  `id` int(11) NOT NULL AUTO_INCREMENT COMMENT 'id',
  `name` varchar(20) COLLATE utf8mb4_unicode_ci DEFAULT NULL COMMENT '姓名',
  `gender` varchar(20) COLLATE utf8mb4_unicode_ci DEFAULT NULL COMMENT '性别',
  `id_card` varchar(20) COLLATE utf8mb4_unicode_ci DEFAULT NULL COMMENT '身份证号',
  `occupation` varchar(255) COLLATE utf8mb4_unicode_ci DEFAULT NULL COMMENT '从业学位及职业',
  `work` varchar(255) COLLATE utf8mb4_unicode_ci DEFAULT NULL COMMENT '原工作单位',
  `landlord` varchar(20) COLLATE utf8mb4_unicode_ci DEFAULT NULL COMMENT '房东',
  `place` varchar(255) COLLATE utf8mb4_unicode_ci DEFAULT NULL COMMENT '暂住地址',
  `time_start` timestamp NULL DEFAULT NULL COMMENT '有效日期开始',
  `time_end` timestamp NULL DEFAULT NULL COMMENT '有效日期结束',
  PRIMARY KEY (`id`)
) ENGINE=InnoDB AUTO_INCREMENT=361 DEFAULT CHARSET=utf8mb4 COLLATE=utf8mb4_unicode_ci;

-- ----------------------------
-- Records of fp_residence
-- ----------------------------
BEGIN;
INSERT INTO `fp_residence` VALUES (1, '顾行', '男', '110101192002216398', '高级电工', '土木公司', '茆畅', '谷城县', '2022-03-23 00:00:00', '2022-09-23 00:00:00');
INSERT INTO `fp_residence` VALUES (2, '嘉浩', '男', '110101192002217278', '高级电工', '土木公司', '旁梦菡', '谷城县', '2022-03-24 00:00:00', '2022-09-24 00:00:00');
INSERT INTO `fp_residence` VALUES (3, '柏永思', '男', '110101192002216814', '高级电工', '土木公司', '但蕙', '谷城县', '2022-03-25 00:00:00', '2022-09-25 00:00:00');
INSERT INTO `fp_residence` VALUES (4, '隆毅君', '男', '110101192002219070', '高级电工', '土木公司', '贾濯', '谷城县', '2022-03-26 00:00:00', '2022-09-26 00:00:00');
INSERT INTO `fp_residence` VALUES (5, '茆畅', '男', '11010119200221961X', '高级电工', '土木公司', '鄢思凡', '谷城县', '2022-03-27 00:00:00', '2022-09-27 00:00:00');
INSERT INTO `fp_residence` VALUES (6, '旁梦菡', '男', '110101192002217294', '高级电工', '土木公司', '衅海荣', '谷城县', '2022-03-28 00:00:00', '2022-09-28 00:00:00');
INSERT INTO `fp_residence` VALUES (7, '但蕙', '男', '110101192002218879', '高级电工', '土木公司', '甲芸儿', '谷城县', '2022-03-29 00:00:00', '2022-09-29 00:00:00');
INSERT INTO `fp_residence` VALUES (8, '贾濯', '男', '110101192002219855', '高级木工', '土木公司', '通思懿', '谷城县', '2022-03-30 00:00:00', '2022-09-30 00:00:00');
INSERT INTO `fp_residence` VALUES (9, '鄢思凡', '男', '110101192002219556', '高级木工', '土木公司', '子车灵阳', '谷城县', '2022-03-31 00:00:00', '2022-10-01 00:00:00');
INSERT INTO `fp_residence` VALUES (10, '衅海荣', '男', '110101192002218959', '高级木工', '土木公司', '莫正志', '谷城县', '2022-04-01 00:00:00', '2022-10-02 00:00:00');
INSERT INTO `fp_residence` VALUES (11, '饶采萱', '男', '110101192002216670', '高级木工', '土木公司', '魏雁菡', '南郑县', '2022-04-02 00:00:00', '2022-10-03 00:00:00');
INSERT INTO `fp_residence` VALUES (12, '诗墨', '男', '110101192002219353', '高级木工', '土木公司', '淦昆皓', '南郑县', '2022-04-03 00:00:00', '2022-10-04 00:00:00');
INSERT INTO `fp_residence` VALUES (13, '莫正志', '男', '110101192002219134', '高级电工', '土木公司', '习和裕', '南郑县', '2022-04-04 00:00:00', '2022-10-05 00:00:00');
INSERT INTO `fp_residence` VALUES (14, '魏雁菡', '男', '110101192002217972', '高级电工', '土木公司', '隆毅君', '南郑县', '2022-04-05 00:00:00', '2022-10-06 00:00:00');
INSERT INTO `fp_residence` VALUES (15, '淦昆皓', '男', '110101192002218190', '高级电工', '土木公司', '茆畅', '南郑县', '2022-04-06 00:00:00', '2022-10-07 00:00:00');
INSERT INTO `fp_residence` VALUES (16, '习和裕', '男', '110101192002218852', '高级电工', '土木公司', '旁梦菡', '南郑县', '2022-04-07 00:00:00', '2022-10-08 00:00:00');
INSERT INTO `fp_residence` VALUES (17, '甲芸儿', '男', '110101192002217614', '高级电工', '土木公司', '但蕙', '南郑县', '2022-04-08 00:00:00', '2022-10-09 00:00:00');
INSERT INTO `fp_residence` VALUES (18, '通思懿', '男', '110101192002217390', '中级电工', '土木公司', '贾濯', '南郑县', '2022-04-09 00:00:00', '2022-10-10 00:00:00');
INSERT INTO `fp_residence` VALUES (19, '子车灵阳', '男', '110101192002218414', '中级电工', '水泥公司', '鄢思凡', '南郑县', '2022-04-10 00:07:00', '2022-10-11 00:08:00');
INSERT INTO `fp_residence` VALUES (22, '淦昆皓', '男', '110101192002218190', '中级电工', '土木公司', '柏永思', '南郑县', '2022-03-17 10:05:34', '2022-09-13 10:05:34');
INSERT INTO `fp_residence` VALUES (23, '习和裕', '男', '110101192002218852', '中级电工', '土木公司', '隆毅君', '南郑县', '2022-03-18 10:05:34', '2022-09-14 10:05:34');
INSERT INTO `fp_residence` VALUES (24, '甲芸儿', '男', '110101192002217614', '中级电工', '土木公司', '茆畅', '南郑县', '2022-03-19 10:05:34', '2022-09-15 10:05:34');
INSERT INTO `fp_residence` VALUES (25, '通思懿', '男', '110101192002217390', '中级电工', '土木公司', '旁梦菡', '南郑县', '2022-03-20 10:05:34', '2022-09-16 10:05:34');
INSERT INTO `fp_residence` VALUES (26, '子车灵阳', '男', '110101192002218414', '中级电工', '土木公司', '但蕙', '南郑县', '2022-03-21 10:05:34', '2022-09-17 10:05:34');
INSERT INTO `fp_residence` VALUES (27, '顾行', '男', '110101192002216398', '高级电工', '土木公司', '茆畅', '谷城县', '2022-03-23 00:00:00', '2022-09-23 00:00:00');
INSERT INTO `fp_residence` VALUES (28, '嘉浩', '男', '110101192002217278', '高级电工', '土木公司', '旁梦菡', '谷城县', '2022-03-24 00:00:00', '2022-09-24 00:00:00');
INSERT INTO `fp_residence` VALUES (29, '柏永思', '男', '110101192002216814', '高级电工', '土木公司', '但蕙', '谷城县', '2022-03-25 00:00:00', '2022-09-25 00:00:00');
INSERT INTO `fp_residence` VALUES (30, '隆毅君', '男', '110101192002219070', '高级电工', '土木公司', '贾濯', '谷城县', '2022-03-26 00:00:00', '2022-09-26 00:00:00');
INSERT INTO `fp_residence` VALUES (31, '茆畅', '男', '11010119200221961X', '高级电工', '土木公司', '鄢思凡', '谷城县', '2022-03-27 00:00:00', '2022-09-27 00:00:00');
INSERT INTO `fp_residence` VALUES (32, '旁梦菡', '男', '110101192002217294', '高级电工', '土木公司', '衅海荣', '谷城县', '2022-03-28 00:00:00', '2022-09-28 00:00:00');
INSERT INTO `fp_residence` VALUES (33, '但蕙', '男', '110101192002218879', '高级电工', '土木公司', '甲芸儿', '谷城县', '2022-03-29 00:00:00', '2022-09-29 00:00:00');
INSERT INTO `fp_residence` VALUES (34, '贾濯', '男', '110101192002219855', '高级木工', '土木公司', '通思懿', '谷城县', '2022-03-30 00:00:00', '2022-09-30 00:00:00');
INSERT INTO `fp_residence` VALUES (35, '鄢思凡', '男', '110101192002219556', '高级木工', '土木公司', '子车灵阳', '谷城县', '2022-03-31 00:00:00', '2022-10-01 00:00:00');
INSERT INTO `fp_residence` VALUES (36, '衅海荣', '男', '110101192002218959', '高级木工', '土木公司', '莫正志', '谷城县', '2022-04-01 00:00:00', '2022-10-02 00:00:00');
INSERT INTO `fp_residence` VALUES (37, '饶采萱', '男', '110101192002216670', '高级木工', '土木公司', '魏雁菡', '南郑县', '2022-04-02 00:00:00', '2022-10-03 00:00:00');
INSERT INTO `fp_residence` VALUES (38, '诗墨', '男', '110101192002219353', '高级木工', '土木公司', '淦昆皓', '南郑县', '2022-04-03 00:00:00', '2022-10-04 00:00:00');
INSERT INTO `fp_residence` VALUES (39, '莫正志', '男', '110101192002219134', '高级电工', '土木公司', '习和裕', '南郑县', '2022-04-04 00:00:00', '2022-10-05 00:00:00');
INSERT INTO `fp_residence` VALUES (40, '魏雁菡', '男', '110101192002217972', '高级电工', '土木公司', '隆毅君', '南郑县', '2022-04-05 00:00:00', '2022-10-06 00:00:00');
INSERT INTO `fp_residence` VALUES (41, '淦昆皓', '男', '110101192002218190', '高级电工', '土木公司', '茆畅', '南郑县', '2022-04-06 00:00:00', '2022-10-07 00:00:00');
INSERT INTO `fp_residence` VALUES (42, '习和裕', '男', '110101192002218852', '高级电工', '土木公司', '旁梦菡', '南郑县', '2022-04-07 00:00:00', '2022-10-08 00:00:00');
INSERT INTO `fp_residence` VALUES (43, '甲芸儿', '男', '110101192002217614', '高级电工', '土木公司', '但蕙', '南郑县', '2022-04-08 00:00:00', '2022-10-09 00:00:00');
INSERT INTO `fp_residence` VALUES (44, '通思懿', '男', '110101192002217390', '中级电工', '土木公司', '贾濯', '南郑县', '2022-04-09 00:00:00', '2022-10-10 00:00:00');
INSERT INTO `fp_residence` VALUES (45, '子车灵阳', '男', '110101192002218414', '中级电工', '水泥公司', '鄢思凡', '南郑县', '2022-04-10 00:07:00', '2022-10-11 00:08:00');
INSERT INTO `fp_residence` VALUES (46, '莫正志', '男', '110101192002219134', '中级电工', '土木公司', '顾行', '南郑县', '2022-03-04 21:04:52', '2022-08-31 21:04:52');
INSERT INTO `fp_residence` VALUES (47, '魏雁菡', '男', '110101192002217972', '中级电工', '土木公司', '嘉浩', '南郑县', '2022-03-04 22:13:55', '2022-08-31 22:13:55');
INSERT INTO `fp_residence` VALUES (48, '淦昆皓', '男', '110101192002218190', '中级电工', '土木公司', '柏永思', '南郑县', '2022-03-17 10:05:34', '2022-09-13 10:05:34');
INSERT INTO `fp_residence` VALUES (49, '习和裕', '男', '110101192002218852', '中级电工', '土木公司', '隆毅君', '南郑县', '2022-03-18 10:05:34', '2022-09-14 10:05:34');
INSERT INTO `fp_residence` VALUES (50, '甲芸儿', '男', '110101192002217614', '中级电工', '土木公司', '茆畅', '南郑县', '2022-03-19 10:05:34', '2022-09-15 10:05:34');
INSERT INTO `fp_residence` VALUES (51, '通思懿', '男', '110101192002217390', '中级电工', '土木公司', '旁梦菡', '南郑县', '2022-03-20 10:05:34', '2022-09-16 10:05:34');
INSERT INTO `fp_residence` VALUES (52, '子车灵阳', '男', '110101192002218414', '中级电工', '土木公司', '但蕙', '南郑县', '2022-03-21 10:05:34', '2022-09-17 10:05:34');
INSERT INTO `fp_residence` VALUES (53, '子车灵阳', '男', '110101192002218414', '中级电工', '水泥公司', '鄢思凡', '南郑县', '2022-04-10 00:07:00', '2022-10-11 00:08:00');
INSERT INTO `fp_residence` VALUES (54, '莫正志', '男', '110101192002219134', '中级电工', '土木公司', '顾行', '南郑县', '2022-03-04 21:04:52', '2022-08-31 21:04:52');
INSERT INTO `fp_residence` VALUES (55, '魏雁菡', '男', '110101192002217972', '中级电工', '土木公司', '嘉浩', '南郑县', '2022-03-04 22:13:55', '2022-08-31 22:13:55');
INSERT INTO `fp_residence` VALUES (56, '淦昆皓', '男', '110101192002218190', '中级电工', '土木公司', '柏永思', '南郑县', '2022-03-17 10:05:34', '2022-09-13 10:05:34');
INSERT INTO `fp_residence` VALUES (57, '习和裕', '男', '110101192002218852', '中级电工', '土木公司', '隆毅君', '南郑县', '2022-03-18 10:05:34', '2022-09-14 10:05:34');
INSERT INTO `fp_residence` VALUES (58, '甲芸儿', '男', '110101192002217614', '中级电工', '土木公司', '茆畅', '南郑县', '2022-03-19 10:05:34', '2022-09-15 10:05:34');
INSERT INTO `fp_residence` VALUES (59, '通思懿', '男', '110101192002217390', '中级电工', '土木公司', '旁梦菡', '南郑县', '2022-03-20 10:05:34', '2022-09-16 10:05:34');
INSERT INTO `fp_residence` VALUES (60, '子车灵阳', '男', '110101192002218414', '中级电工', '土木公司', '但蕙', '南郑县', '2022-03-21 10:05:34', '2022-09-17 10:05:34');
INSERT INTO `fp_residence` VALUES (61, '顾行', '男', '110101192002216398', '高级电工', '土木公司', '茆畅', '谷城县', '2022-03-23 00:00:00', '2022-09-23 00:00:00');
INSERT INTO `fp_residence` VALUES (62, '嘉浩', '男', '110101192002217278', '高级电工', '土木公司', '旁梦菡', '谷城县', '2022-03-24 00:00:00', '2022-09-24 00:00:00');
INSERT INTO `fp_residence` VALUES (63, '柏永思', '男', '110101192002216814', '高级电工', '土木公司', '但蕙', '谷城县', '2022-03-25 00:00:00', '2022-09-25 00:00:00');
INSERT INTO `fp_residence` VALUES (64, '隆毅君', '男', '110101192002219070', '高级电工', '土木公司', '贾濯', '谷城县', '2022-03-26 00:00:00', '2022-09-26 00:00:00');
INSERT INTO `fp_residence` VALUES (65, '茆畅', '男', '11010119200221961X', '高级电工', '土木公司', '鄢思凡', '谷城县', '2022-03-27 00:00:00', '2022-09-27 00:00:00');
INSERT INTO `fp_residence` VALUES (66, '旁梦菡', '男', '110101192002217294', '高级电工', '土木公司', '衅海荣', '谷城县', '2022-03-28 00:00:00', '2022-09-28 00:00:00');
INSERT INTO `fp_residence` VALUES (67, '但蕙', '男', '110101192002218879', '高级电工', '土木公司', '甲芸儿', '谷城县', '2022-03-29 00:00:00', '2022-09-29 00:00:00');
INSERT INTO `fp_residence` VALUES (68, '贾濯', '男', '110101192002219855', '高级木工', '土木公司', '通思懿', '谷城县', '2022-03-30 00:00:00', '2022-09-30 00:00:00');
INSERT INTO `fp_residence` VALUES (69, '鄢思凡', '男', '110101192002219556', '高级木工', '土木公司', '子车灵阳', '谷城县', '2022-03-31 00:00:00', '2022-10-01 00:00:00');
INSERT INTO `fp_residence` VALUES (70, '衅海荣', '男', '110101192002218959', '高级木工', '土木公司', '莫正志', '谷城县', '2022-04-01 00:00:00', '2022-10-02 00:00:00');
INSERT INTO `fp_residence` VALUES (71, '饶采萱', '男', '110101192002216670', '高级木工', '土木公司', '魏雁菡', '南郑县', '2022-04-02 00:00:00', '2022-10-03 00:00:00');
INSERT INTO `fp_residence` VALUES (72, '诗墨', '男', '110101192002219353', '高级木工', '土木公司', '淦昆皓', '南郑县', '2022-04-03 00:00:00', '2022-10-04 00:00:00');
INSERT INTO `fp_residence` VALUES (73, '顾行', '男', '110101192002216398', '高级电工', '土木公司', '茆畅', '谷城县', '2022-03-23 00:00:00', '2022-09-23 00:00:00');
INSERT INTO `fp_residence` VALUES (74, '嘉浩', '男', '110101192002217278', '高级电工', '土木公司', '旁梦菡', '谷城县', '2022-03-24 00:00:00', '2022-09-24 00:00:00');
INSERT INTO `fp_residence` VALUES (75, '柏永思', '男', '110101192002216814', '高级电工', '土木公司', '但蕙', '谷城县', '2022-03-25 00:00:00', '2022-09-25 00:00:00');
INSERT INTO `fp_residence` VALUES (76, '隆毅君', '男', '110101192002219070', '高级电工', '土木公司', '贾濯', '谷城县', '2022-03-26 00:00:00', '2022-09-26 00:00:00');
INSERT INTO `fp_residence` VALUES (77, '茆畅', '男', '11010119200221961X', '高级电工', '土木公司', '鄢思凡', '谷城县', '2022-03-27 00:00:00', '2022-09-27 00:00:00');
INSERT INTO `fp_residence` VALUES (78, '旁梦菡', '男', '110101192002217294', '高级电工', '土木公司', '衅海荣', '谷城县', '2022-03-28 00:00:00', '2022-09-28 00:00:00');
INSERT INTO `fp_residence` VALUES (79, '但蕙', '男', '110101192002218879', '高级电工', '土木公司', '甲芸儿', '谷城县', '2022-03-29 00:00:00', '2022-09-29 00:00:00');
INSERT INTO `fp_residence` VALUES (80, '贾濯', '男', '110101192002219855', '高级木工', '土木公司', '通思懿', '谷城县', '2022-03-30 00:00:00', '2022-09-30 00:00:00');
INSERT INTO `fp_residence` VALUES (81, '鄢思凡', '男', '110101192002219556', '高级木工', '土木公司', '子车灵阳', '谷城县', '2022-03-31 00:00:00', '2022-10-01 00:00:00');
INSERT INTO `fp_residence` VALUES (82, '衅海荣', '男', '110101192002218959', '高级木工', '土木公司', '莫正志', '谷城县', '2022-04-01 00:00:00', '2022-10-02 00:00:00');
INSERT INTO `fp_residence` VALUES (83, '饶采萱', '男', '110101192002216670', '高级木工', '土木公司', '魏雁菡', '南郑县', '2022-04-02 00:00:00', '2022-10-03 00:00:00');
INSERT INTO `fp_residence` VALUES (84, '诗墨', '男', '110101192002219353', '高级木工', '土木公司', '淦昆皓', '南郑县', '2022-04-03 00:00:00', '2022-10-04 00:00:00');
INSERT INTO `fp_residence` VALUES (85, '莫正志', '男', '110101192002219134', '高级电工', '土木公司', '习和裕', '南郑县', '2022-04-04 00:00:00', '2022-10-05 00:00:00');
INSERT INTO `fp_residence` VALUES (86, '魏雁菡', '男', '110101192002217972', '高级电工', '土木公司', '隆毅君', '南郑县', '2022-04-05 00:00:00', '2022-10-06 00:00:00');
INSERT INTO `fp_residence` VALUES (87, '淦昆皓', '男', '110101192002218190', '高级电工', '土木公司', '茆畅', '南郑县', '2022-04-06 00:00:00', '2022-10-07 00:00:00');
INSERT INTO `fp_residence` VALUES (88, '习和裕', '男', '110101192002218852', '高级电工', '土木公司', '旁梦菡', '南郑县', '2022-04-07 00:00:00', '2022-10-08 00:00:00');
INSERT INTO `fp_residence` VALUES (89, '甲芸儿', '男', '110101192002217614', '高级电工', '土木公司', '但蕙', '南郑县', '2022-04-08 00:00:00', '2022-10-09 00:00:00');
INSERT INTO `fp_residence` VALUES (90, '通思懿', '男', '110101192002217390', '中级电工', '土木公司', '贾濯', '南郑县', '2022-04-09 00:00:00', '2022-10-10 00:00:00');
INSERT INTO `fp_residence` VALUES (91, '子车灵阳', '男', '110101192002218414', '中级电工', '水泥公司', '鄢思凡', '南郑县', '2022-04-10 00:07:00', '2022-10-11 00:08:00');
INSERT INTO `fp_residence` VALUES (92, '莫正志', '男', '110101192002219134', '中级电工', '土木公司', '顾行', '南郑县', '2022-03-04 21:04:52', '2022-08-31 21:04:52');
INSERT INTO `fp_residence` VALUES (93, '魏雁菡', '男', '110101192002217972', '中级电工', '土木公司', '嘉浩', '南郑县', '2022-03-04 22:13:55', '2022-08-31 22:13:55');
INSERT INTO `fp_residence` VALUES (94, '淦昆皓', '男', '110101192002218190', '中级电工', '土木公司', '柏永思', '南郑县', '2022-03-17 10:05:34', '2022-09-13 10:05:34');
INSERT INTO `fp_residence` VALUES (95, '习和裕', '男', '110101192002218852', '中级电工', '土木公司', '隆毅君', '南郑县', '2022-03-18 10:05:34', '2022-09-14 10:05:34');
INSERT INTO `fp_residence` VALUES (96, '甲芸儿', '男', '110101192002217614', '中级电工', '土木公司', '茆畅', '南郑县', '2022-03-19 10:05:34', '2022-09-15 10:05:34');
INSERT INTO `fp_residence` VALUES (97, '通思懿', '男', '110101192002217390', '中级电工', '土木公司', '旁梦菡', '南郑县', '2022-03-20 10:05:34', '2022-09-16 10:05:34');
INSERT INTO `fp_residence` VALUES (98, '子车灵阳', '男', '110101192002218414', '中级电工', '土木公司', '但蕙', '南郑县', '2022-03-21 10:05:34', '2022-09-17 10:05:34');
INSERT INTO `fp_residence` VALUES (99, '顾行', '男', '110101192002216398', '高级电工', '土木公司', '茆畅', '谷城县', '2022-03-23 00:00:00', '2022-09-23 00:00:00');
INSERT INTO `fp_residence` VALUES (100, '嘉浩', '男', '110101192002217278', '高级电工', '土木公司', '旁梦菡', '谷城县', '2022-03-24 00:00:00', '2022-09-24 00:00:00');
INSERT INTO `fp_residence` VALUES (101, '柏永思', '男', '110101192002216814', '高级电工', '土木公司', '但蕙', '谷城县', '2022-03-25 00:00:00', '2022-09-25 00:00:00');
INSERT INTO `fp_residence` VALUES (102, '隆毅君', '男', '110101192002219070', '高级电工', '土木公司', '贾濯', '谷城县', '2022-03-26 00:00:00', '2022-09-26 00:00:00');
INSERT INTO `fp_residence` VALUES (103, '茆畅', '男', '11010119200221961X', '高级电工', '土木公司', '鄢思凡', '谷城县', '2022-03-27 00:00:00', '2022-09-27 00:00:00');
INSERT INTO `fp_residence` VALUES (104, '旁梦菡', '男', '110101192002217294', '高级电工', '土木公司', '衅海荣', '谷城县', '2022-03-28 00:00:00', '2022-09-28 00:00:00');
INSERT INTO `fp_residence` VALUES (105, '但蕙', '男', '110101192002218879', '高级电工', '土木公司', '甲芸儿', '谷城县', '2022-03-29 00:00:00', '2022-09-29 00:00:00');
INSERT INTO `fp_residence` VALUES (106, '贾濯', '男', '110101192002219855', '高级木工', '土木公司', '通思懿', '谷城县', '2022-03-30 00:00:00', '2022-09-30 00:00:00');
INSERT INTO `fp_residence` VALUES (107, '鄢思凡', '男', '110101192002219556', '高级木工', '土木公司', '子车灵阳', '谷城县', '2022-03-31 00:00:00', '2022-10-01 00:00:00');
INSERT INTO `fp_residence` VALUES (108, '衅海荣', '男', '110101192002218959', '高级木工', '土木公司', '莫正志', '谷城县', '2022-04-01 00:00:00', '2022-10-02 00:00:00');
INSERT INTO `fp_residence` VALUES (109, '饶采萱', '男', '110101192002216670', '高级木工', '土木公司', '魏雁菡', '南郑县', '2022-04-02 00:00:00', '2022-10-03 00:00:00');
INSERT INTO `fp_residence` VALUES (110, '诗墨', '男', '110101192002219353', '高级木工', '土木公司', '淦昆皓', '南郑县', '2022-04-03 00:00:00', '2022-10-04 00:00:00');
INSERT INTO `fp_residence` VALUES (111, '莫正志', '男', '110101192002219134', '高级电工', '土木公司', '习和裕', '南郑县', '2022-04-04 00:00:00', '2022-10-05 00:00:00');
INSERT INTO `fp_residence` VALUES (112, '魏雁菡', '男', '110101192002217972', '高级电工', '土木公司', '隆毅君', '南郑县', '2022-04-05 00:00:00', '2022-10-06 00:00:00');
INSERT INTO `fp_residence` VALUES (113, '淦昆皓', '男', '110101192002218190', '高级电工', '土木公司', '茆畅', '南郑县', '2022-04-06 00:00:00', '2022-10-07 00:00:00');
INSERT INTO `fp_residence` VALUES (114, '习和裕', '男', '110101192002218852', '高级电工', '土木公司', '旁梦菡', '南郑县', '2022-04-07 00:00:00', '2022-10-08 00:00:00');
INSERT INTO `fp_residence` VALUES (115, '甲芸儿', '男', '110101192002217614', '高级电工', '土木公司', '但蕙', '南郑县', '2022-04-08 00:00:00', '2022-10-09 00:00:00');
INSERT INTO `fp_residence` VALUES (116, '通思懿', '男', '110101192002217390', '中级电工', '土木公司', '贾濯', '南郑县', '2022-04-09 00:00:00', '2022-10-10 00:00:00');
INSERT INTO `fp_residence` VALUES (117, '子车灵阳', '男', '110101192002218414', '中级电工', '水泥公司', '鄢思凡', '南郑县', '2022-04-10 00:07:00', '2022-10-11 00:08:00');
INSERT INTO `fp_residence` VALUES (118, '莫正志', '男', '110101192002219134', '中级电工', '土木公司', '顾行', '南郑县', '2022-03-04 21:04:52', '2022-08-31 21:04:52');
INSERT INTO `fp_residence` VALUES (119, '魏雁菡', '男', '110101192002217972', '中级电工', '土木公司', '嘉浩', '南郑县', '2022-03-04 22:13:55', '2022-08-31 22:13:55');
INSERT INTO `fp_residence` VALUES (120, '淦昆皓', '男', '110101192002218190', '中级电工', '土木公司', '柏永思', '南郑县', '2022-03-17 10:05:34', '2022-09-13 10:05:34');
INSERT INTO `fp_residence` VALUES (121, '习和裕', '男', '110101192002218852', '中级电工', '土木公司', '隆毅君', '南郑县', '2022-03-18 10:05:34', '2022-09-14 10:05:34');
INSERT INTO `fp_residence` VALUES (122, '甲芸儿', '男', '110101192002217614', '中级电工', '土木公司', '茆畅', '南郑县', '2022-03-19 10:05:34', '2022-09-15 10:05:34');
INSERT INTO `fp_residence` VALUES (123, '通思懿', '男', '110101192002217390', '中级电工', '土木公司', '旁梦菡', '南郑县', '2022-03-20 10:05:34', '2022-09-16 10:05:34');
INSERT INTO `fp_residence` VALUES (124, '子车灵阳', '男', '110101192002218414', '中级电工', '土木公司', '但蕙', '南郑县', '2022-03-21 10:05:34', '2022-09-17 10:05:34');
INSERT INTO `fp_residence` VALUES (125, '子车灵阳', '男', '110101192002218414', '中级电工', '水泥公司', '鄢思凡', '南郑县', '2022-04-10 00:07:00', '2022-10-11 00:08:00');
INSERT INTO `fp_residence` VALUES (126, '莫正志', '男', '110101192002219134', '中级电工', '土木公司', '顾行', '南郑县', '2022-03-04 21:04:52', '2022-08-31 21:04:52');
INSERT INTO `fp_residence` VALUES (127, '魏雁菡', '男', '110101192002217972', '中级电工', '土木公司', '嘉浩', '南郑县', '2022-03-04 22:13:55', '2022-08-31 22:13:55');
INSERT INTO `fp_residence` VALUES (128, '淦昆皓', '男', '110101192002218190', '中级电工', '土木公司', '柏永思', '南郑县', '2022-03-17 10:05:34', '2022-09-13 10:05:34');
INSERT INTO `fp_residence` VALUES (129, '习和裕', '男', '110101192002218852', '中级电工', '土木公司', '隆毅君', '南郑县', '2022-03-18 10:05:34', '2022-09-14 10:05:34');
INSERT INTO `fp_residence` VALUES (130, '甲芸儿', '男', '110101192002217614', '中级电工', '土木公司', '茆畅', '南郑县', '2022-03-19 10:05:34', '2022-09-15 10:05:34');
INSERT INTO `fp_residence` VALUES (131, '通思懿', '男', '110101192002217390', '中级电工', '土木公司', '旁梦菡', '南郑县', '2022-03-20 10:05:34', '2022-09-16 10:05:34');
INSERT INTO `fp_residence` VALUES (132, '子车灵阳', '男', '110101192002218414', '中级电工', '土木公司', '但蕙', '南郑县', '2022-03-21 10:05:34', '2022-09-17 10:05:34');
INSERT INTO `fp_residence` VALUES (133, '顾行', '男', '110101192002216398', '高级电工', '土木公司', '茆畅', '谷城县', '2022-03-23 00:00:00', '2022-09-23 00:00:00');
INSERT INTO `fp_residence` VALUES (134, '嘉浩', '男', '110101192002217278', '高级电工', '土木公司', '旁梦菡', '谷城县', '2022-03-24 00:00:00', '2022-09-24 00:00:00');
INSERT INTO `fp_residence` VALUES (135, '柏永思', '男', '110101192002216814', '高级电工', '土木公司', '但蕙', '谷城县', '2022-03-25 00:00:00', '2022-09-25 00:00:00');
INSERT INTO `fp_residence` VALUES (136, '隆毅君', '男', '110101192002219070', '高级电工', '土木公司', '贾濯', '谷城县', '2022-03-26 00:00:00', '2022-09-26 00:00:00');
INSERT INTO `fp_residence` VALUES (137, '茆畅', '男', '11010119200221961X', '高级电工', '土木公司', '鄢思凡', '谷城县', '2022-03-27 00:00:00', '2022-09-27 00:00:00');
INSERT INTO `fp_residence` VALUES (138, '旁梦菡', '男', '110101192002217294', '高级电工', '土木公司', '衅海荣', '谷城县', '2022-03-28 00:00:00', '2022-09-28 00:00:00');
INSERT INTO `fp_residence` VALUES (139, '但蕙', '男', '110101192002218879', '高级电工', '土木公司', '甲芸儿', '谷城县', '2022-03-29 00:00:00', '2022-09-29 00:00:00');
INSERT INTO `fp_residence` VALUES (140, '贾濯', '男', '110101192002219855', '高级木工', '土木公司', '通思懿', '谷城县', '2022-03-30 00:00:00', '2022-09-30 00:00:00');
INSERT INTO `fp_residence` VALUES (141, '鄢思凡', '男', '110101192002219556', '高级木工', '土木公司', '子车灵阳', '谷城县', '2022-03-31 00:00:00', '2022-10-01 00:00:00');
INSERT INTO `fp_residence` VALUES (142, '衅海荣', '男', '110101192002218959', '高级木工', '土木公司', '莫正志', '谷城县', '2022-04-01 00:00:00', '2022-10-02 00:00:00');
INSERT INTO `fp_residence` VALUES (143, '饶采萱', '男', '110101192002216670', '高级木工', '土木公司', '魏雁菡', '南郑县', '2022-04-02 00:00:00', '2022-10-03 00:00:00');
INSERT INTO `fp_residence` VALUES (144, '诗墨', '男', '110101192002219353', '高级木工', '土木公司', '淦昆皓', '南郑县', '2022-04-03 00:00:00', '2022-10-04 00:00:00');
INSERT INTO `fp_residence` VALUES (145, '顾行', '男', '110101192002216398', '高级电工', '土木公司', '茆畅', '谷城县', '2022-03-23 00:00:00', '2022-09-23 00:00:00');
INSERT INTO `fp_residence` VALUES (146, '嘉浩', '男', '110101192002217278', '高级电工', '土木公司', '旁梦菡', '谷城县', '2022-03-24 00:00:00', '2022-09-24 00:00:00');
INSERT INTO `fp_residence` VALUES (147, '柏永思', '男', '110101192002216814', '高级电工', '土木公司', '但蕙', '谷城县', '2022-03-25 00:00:00', '2022-09-25 00:00:00');
INSERT INTO `fp_residence` VALUES (148, '隆毅君', '男', '110101192002219070', '高级电工', '土木公司', '贾濯', '谷城县', '2022-03-26 00:00:00', '2022-09-26 00:00:00');
INSERT INTO `fp_residence` VALUES (149, '茆畅', '男', '11010119200221961X', '高级电工', '土木公司', '鄢思凡', '谷城县', '2022-03-27 00:00:00', '2022-09-27 00:00:00');
INSERT INTO `fp_residence` VALUES (150, '旁梦菡', '男', '110101192002217294', '高级电工', '土木公司', '衅海荣', '谷城县', '2022-03-28 00:00:00', '2022-09-28 00:00:00');
INSERT INTO `fp_residence` VALUES (151, '但蕙', '男', '110101192002218879', '高级电工', '土木公司', '甲芸儿', '谷城县', '2022-03-29 00:00:00', '2022-09-29 00:00:00');
INSERT INTO `fp_residence` VALUES (152, '贾濯', '男', '110101192002219855', '高级木工', '土木公司', '通思懿', '谷城县', '2022-03-30 00:00:00', '2022-09-30 00:00:00');
INSERT INTO `fp_residence` VALUES (153, '鄢思凡', '男', '110101192002219556', '高级木工', '土木公司', '子车灵阳', '谷城县', '2022-03-31 00:00:00', '2022-10-01 00:00:00');
INSERT INTO `fp_residence` VALUES (154, '衅海荣', '男', '110101192002218959', '高级木工', '土木公司', '莫正志', '谷城县', '2022-04-01 00:00:00', '2022-10-02 00:00:00');
INSERT INTO `fp_residence` VALUES (155, '饶采萱', '男', '110101192002216670', '高级木工', '土木公司', '魏雁菡', '南郑县', '2022-04-02 00:00:00', '2022-10-03 00:00:00');
INSERT INTO `fp_residence` VALUES (156, '诗墨', '男', '110101192002219353', '高级木工', '土木公司', '淦昆皓', '南郑县', '2022-04-03 00:00:00', '2022-10-04 00:00:00');
INSERT INTO `fp_residence` VALUES (157, '莫正志', '男', '110101192002219134', '高级电工', '土木公司', '习和裕', '南郑县', '2022-04-04 00:00:00', '2022-10-05 00:00:00');
INSERT INTO `fp_residence` VALUES (158, '魏雁菡', '男', '110101192002217972', '高级电工', '土木公司', '隆毅君', '南郑县', '2022-04-05 00:00:00', '2022-10-06 00:00:00');
INSERT INTO `fp_residence` VALUES (159, '淦昆皓', '男', '110101192002218190', '高级电工', '土木公司', '茆畅', '南郑县', '2022-04-06 00:00:00', '2022-10-07 00:00:00');
INSERT INTO `fp_residence` VALUES (160, '习和裕', '男', '110101192002218852', '高级电工', '土木公司', '旁梦菡', '南郑县', '2022-04-07 00:00:00', '2022-10-08 00:00:00');
INSERT INTO `fp_residence` VALUES (161, '甲芸儿', '男', '110101192002217614', '高级电工', '土木公司', '但蕙', '南郑县', '2022-04-08 00:00:00', '2022-10-09 00:00:00');
INSERT INTO `fp_residence` VALUES (162, '通思懿', '男', '110101192002217390', '中级电工', '土木公司', '贾濯', '南郑县', '2022-04-09 00:00:00', '2022-10-10 00:00:00');
INSERT INTO `fp_residence` VALUES (163, '子车灵阳', '男', '110101192002218414', '中级电工', '水泥公司', '鄢思凡', '南郑县', '2022-04-10 00:07:00', '2022-10-11 00:08:00');
INSERT INTO `fp_residence` VALUES (164, '莫正志', '男', '110101192002219134', '中级电工', '土木公司', '顾行', '南郑县', '2022-03-04 21:04:52', '2022-08-31 21:04:52');
INSERT INTO `fp_residence` VALUES (165, '魏雁菡', '男', '110101192002217972', '中级电工', '土木公司', '嘉浩', '南郑县', '2022-03-04 22:13:55', '2022-08-31 22:13:55');
INSERT INTO `fp_residence` VALUES (166, '淦昆皓', '男', '110101192002218190', '中级电工', '土木公司', '柏永思', '南郑县', '2022-03-17 10:05:34', '2022-09-13 10:05:34');
INSERT INTO `fp_residence` VALUES (167, '习和裕', '男', '110101192002218852', '中级电工', '土木公司', '隆毅君', '南郑县', '2022-03-18 10:05:34', '2022-09-14 10:05:34');
INSERT INTO `fp_residence` VALUES (168, '甲芸儿', '男', '110101192002217614', '中级电工', '土木公司', '茆畅', '南郑县', '2022-03-19 10:05:34', '2022-09-15 10:05:34');
INSERT INTO `fp_residence` VALUES (169, '通思懿', '男', '110101192002217390', '中级电工', '土木公司', '旁梦菡', '南郑县', '2022-03-20 10:05:34', '2022-09-16 10:05:34');
INSERT INTO `fp_residence` VALUES (170, '子车灵阳', '男', '110101192002218414', '中级电工', '土木公司', '但蕙', '南郑县', '2022-03-21 10:05:34', '2022-09-17 10:05:34');
INSERT INTO `fp_residence` VALUES (171, '顾行', '男', '110101192002216398', '高级电工', '土木公司', '茆畅', '谷城县', '2022-03-23 00:00:00', '2022-09-23 00:00:00');
INSERT INTO `fp_residence` VALUES (172, '嘉浩', '男', '110101192002217278', '高级电工', '土木公司', '旁梦菡', '谷城县', '2022-03-24 00:00:00', '2022-09-24 00:00:00');
INSERT INTO `fp_residence` VALUES (173, '柏永思', '男', '110101192002216814', '高级电工', '土木公司', '但蕙', '谷城县', '2022-03-25 00:00:00', '2022-09-25 00:00:00');
INSERT INTO `fp_residence` VALUES (174, '隆毅君', '男', '110101192002219070', '高级电工', '土木公司', '贾濯', '谷城县', '2022-03-26 00:00:00', '2022-09-26 00:00:00');
INSERT INTO `fp_residence` VALUES (175, '茆畅', '男', '11010119200221961X', '高级电工', '土木公司', '鄢思凡', '谷城县', '2022-03-27 00:00:00', '2022-09-27 00:00:00');
INSERT INTO `fp_residence` VALUES (176, '旁梦菡', '男', '110101192002217294', '高级电工', '土木公司', '衅海荣', '谷城县', '2022-03-28 00:00:00', '2022-09-28 00:00:00');
INSERT INTO `fp_residence` VALUES (177, '但蕙', '男', '110101192002218879', '高级电工', '土木公司', '甲芸儿', '谷城县', '2022-03-29 00:00:00', '2022-09-29 00:00:00');
INSERT INTO `fp_residence` VALUES (178, '贾濯', '男', '110101192002219855', '高级木工', '土木公司', '通思懿', '谷城县', '2022-03-30 00:00:00', '2022-09-30 00:00:00');
INSERT INTO `fp_residence` VALUES (179, '鄢思凡', '男', '110101192002219556', '高级木工', '土木公司', '子车灵阳', '谷城县', '2022-03-31 00:00:00', '2022-10-01 00:00:00');
INSERT INTO `fp_residence` VALUES (180, '衅海荣', '男', '110101192002218959', '高级木工', '土木公司', '莫正志', '谷城县', '2022-04-01 00:00:00', '2022-10-02 00:00:00');
INSERT INTO `fp_residence` VALUES (181, '饶采萱', '男', '110101192002216670', '高级木工', '土木公司', '魏雁菡', '南郑县', '2022-04-02 00:00:00', '2022-10-03 00:00:00');
INSERT INTO `fp_residence` VALUES (182, '诗墨', '男', '110101192002219353', '高级木工', '土木公司', '淦昆皓', '南郑县', '2022-04-03 00:00:00', '2022-10-04 00:00:00');
INSERT INTO `fp_residence` VALUES (183, '莫正志', '男', '110101192002219134', '高级电工', '土木公司', '习和裕', '南郑县', '2022-04-04 00:00:00', '2022-10-05 00:00:00');
INSERT INTO `fp_residence` VALUES (184, '魏雁菡', '男', '110101192002217972', '高级电工', '土木公司', '隆毅君', '南郑县', '2022-04-05 00:00:00', '2022-10-06 00:00:00');
INSERT INTO `fp_residence` VALUES (185, '淦昆皓', '男', '110101192002218190', '高级电工', '土木公司', '茆畅', '南郑县', '2022-04-06 00:00:00', '2022-10-07 00:00:00');
INSERT INTO `fp_residence` VALUES (186, '习和裕', '男', '110101192002218852', '高级电工', '土木公司', '旁梦菡', '南郑县', '2022-04-07 00:00:00', '2022-10-08 00:00:00');
INSERT INTO `fp_residence` VALUES (187, '甲芸儿', '男', '110101192002217614', '高级电工', '土木公司', '但蕙', '南郑县', '2022-04-08 00:00:00', '2022-10-09 00:00:00');
INSERT INTO `fp_residence` VALUES (188, '通思懿', '男', '110101192002217390', '中级电工', '土木公司', '贾濯', '南郑县', '2022-04-09 00:00:00', '2022-10-10 00:00:00');
INSERT INTO `fp_residence` VALUES (189, '子车灵阳', '男', '110101192002218414', '中级电工', '水泥公司', '鄢思凡', '南郑县', '2022-04-10 00:07:00', '2022-10-11 00:08:00');
INSERT INTO `fp_residence` VALUES (190, '莫正志', '男', '110101192002219134', '中级电工', '土木公司', '顾行', '南郑县', '2022-03-04 21:04:52', '2022-08-31 21:04:52');
INSERT INTO `fp_residence` VALUES (191, '魏雁菡', '男', '110101192002217972', '中级电工', '土木公司', '嘉浩', '南郑县', '2022-03-04 22:13:55', '2022-08-31 22:13:55');
INSERT INTO `fp_residence` VALUES (192, '淦昆皓', '男', '110101192002218190', '中级电工', '土木公司', '柏永思', '南郑县', '2022-03-17 10:05:34', '2022-09-13 10:05:34');
INSERT INTO `fp_residence` VALUES (193, '习和裕', '男', '110101192002218852', '中级电工', '土木公司', '隆毅君', '南郑县', '2022-03-18 10:05:34', '2022-09-14 10:05:34');
INSERT INTO `fp_residence` VALUES (194, '甲芸儿', '男', '110101192002217614', '中级电工', '土木公司', '茆畅', '南郑县', '2022-03-19 10:05:34', '2022-09-15 10:05:34');
INSERT INTO `fp_residence` VALUES (195, '通思懿', '男', '110101192002217390', '中级电工', '土木公司', '旁梦菡', '南郑县', '2022-03-20 10:05:34', '2022-09-16 10:05:34');
INSERT INTO `fp_residence` VALUES (196, '子车灵阳', '男', '110101192002218414', '中级电工', '土木公司', '但蕙', '南郑县', '2022-03-21 10:05:34', '2022-09-17 10:05:34');
INSERT INTO `fp_residence` VALUES (197, '子车灵阳', '男', '110101192002218414', '中级电工', '水泥公司', '鄢思凡', '南郑县', '2022-04-10 00:07:00', '2022-10-11 00:08:00');
INSERT INTO `fp_residence` VALUES (198, '莫正志', '男', '110101192002219134', '中级电工', '土木公司', '顾行', '南郑县', '2022-03-04 21:04:52', '2022-08-31 21:04:52');
INSERT INTO `fp_residence` VALUES (199, '魏雁菡', '男', '110101192002217972', '中级电工', '土木公司', '嘉浩', '南郑县', '2022-03-04 22:13:55', '2022-08-31 22:13:55');
INSERT INTO `fp_residence` VALUES (200, '淦昆皓', '男', '110101192002218190', '中级电工', '土木公司', '柏永思', '南郑县', '2022-03-17 10:05:34', '2022-09-13 10:05:34');
INSERT INTO `fp_residence` VALUES (201, '习和裕', '男', '110101192002218852', '中级电工', '土木公司', '隆毅君', '南郑县', '2022-03-18 10:05:34', '2022-09-14 10:05:34');
INSERT INTO `fp_residence` VALUES (202, '甲芸儿', '男', '110101192002217614', '中级电工', '土木公司', '茆畅', '南郑县', '2022-03-19 10:05:34', '2022-09-15 10:05:34');
INSERT INTO `fp_residence` VALUES (203, '通思懿', '男', '110101192002217390', '中级电工', '土木公司', '旁梦菡', '南郑县', '2022-03-20 10:05:34', '2022-09-16 10:05:34');
INSERT INTO `fp_residence` VALUES (204, '子车灵阳', '男', '110101192002218414', '中级电工', '土木公司', '但蕙', '南郑县', '2022-03-21 10:05:34', '2022-09-17 10:05:34');
INSERT INTO `fp_residence` VALUES (205, '顾行', '男', '110101192002216398', '高级电工', '土木公司', '茆畅', '谷城县', '2022-03-23 00:00:00', '2022-09-23 00:00:00');
INSERT INTO `fp_residence` VALUES (206, '嘉浩', '男', '110101192002217278', '高级电工', '土木公司', '旁梦菡', '谷城县', '2022-03-24 00:00:00', '2022-09-24 00:00:00');
INSERT INTO `fp_residence` VALUES (207, '柏永思', '男', '110101192002216814', '高级电工', '土木公司', '但蕙', '谷城县', '2022-03-25 00:00:00', '2022-09-25 00:00:00');
INSERT INTO `fp_residence` VALUES (208, '隆毅君', '男', '110101192002219070', '高级电工', '土木公司', '贾濯', '谷城县', '2022-03-26 00:00:00', '2022-09-26 00:00:00');
INSERT INTO `fp_residence` VALUES (209, '茆畅', '男', '11010119200221961X', '高级电工', '土木公司', '鄢思凡', '谷城县', '2022-03-27 00:00:00', '2022-09-27 00:00:00');
INSERT INTO `fp_residence` VALUES (210, '旁梦菡', '男', '110101192002217294', '高级电工', '土木公司', '衅海荣', '谷城县', '2022-03-28 00:00:00', '2022-09-28 00:00:00');
INSERT INTO `fp_residence` VALUES (211, '但蕙', '男', '110101192002218879', '高级电工', '土木公司', '甲芸儿', '谷城县', '2022-03-29 00:00:00', '2022-09-29 00:00:00');
INSERT INTO `fp_residence` VALUES (212, '贾濯', '男', '110101192002219855', '高级木工', '土木公司', '通思懿', '谷城县', '2022-03-30 00:00:00', '2022-09-30 00:00:00');
INSERT INTO `fp_residence` VALUES (213, '鄢思凡', '男', '110101192002219556', '高级木工', '土木公司', '子车灵阳', '谷城县', '2022-03-31 00:00:00', '2022-10-01 00:00:00');
INSERT INTO `fp_residence` VALUES (214, '衅海荣', '男', '110101192002218959', '高级木工', '土木公司', '莫正志', '谷城县', '2022-04-01 00:00:00', '2022-10-02 00:00:00');
INSERT INTO `fp_residence` VALUES (215, '饶采萱', '男', '110101192002216670', '高级木工', '土木公司', '魏雁菡', '南郑县', '2022-04-02 00:00:00', '2022-10-03 00:00:00');
INSERT INTO `fp_residence` VALUES (216, '诗墨', '男', '110101192002219353', '高级木工', '土木公司', '淦昆皓', '南郑县', '2022-04-03 00:00:00', '2022-10-04 00:00:00');
INSERT INTO `fp_residence` VALUES (217, '顾行', '男', '110101192002216398', '高级电工', '土木公司', '茆畅', '谷城县', '2022-03-23 00:00:00', '2022-09-23 00:00:00');
INSERT INTO `fp_residence` VALUES (218, '嘉浩', '男', '110101192002217278', '高级电工', '土木公司', '旁梦菡', '谷城县', '2022-03-24 00:00:00', '2022-09-24 00:00:00');
INSERT INTO `fp_residence` VALUES (219, '柏永思', '男', '110101192002216814', '高级电工', '土木公司', '但蕙', '谷城县', '2022-03-25 00:00:00', '2022-09-25 00:00:00');
INSERT INTO `fp_residence` VALUES (220, '隆毅君', '男', '110101192002219070', '高级电工', '土木公司', '贾濯', '谷城县', '2022-03-26 00:00:00', '2022-09-26 00:00:00');
INSERT INTO `fp_residence` VALUES (221, '茆畅', '男', '11010119200221961X', '高级电工', '土木公司', '鄢思凡', '谷城县', '2022-03-27 00:00:00', '2022-09-27 00:00:00');
INSERT INTO `fp_residence` VALUES (222, '旁梦菡', '男', '110101192002217294', '高级电工', '土木公司', '衅海荣', '谷城县', '2022-03-28 00:00:00', '2022-09-28 00:00:00');
INSERT INTO `fp_residence` VALUES (223, '但蕙', '男', '110101192002218879', '高级电工', '土木公司', '甲芸儿', '谷城县', '2022-03-29 00:00:00', '2022-09-29 00:00:00');
INSERT INTO `fp_residence` VALUES (224, '贾濯', '男', '110101192002219855', '高级木工', '土木公司', '通思懿', '谷城县', '2022-03-30 00:00:00', '2022-09-30 00:00:00');
INSERT INTO `fp_residence` VALUES (225, '鄢思凡', '男', '110101192002219556', '高级木工', '土木公司', '子车灵阳', '谷城县', '2022-03-31 00:00:00', '2022-10-01 00:00:00');
INSERT INTO `fp_residence` VALUES (226, '衅海荣', '男', '110101192002218959', '高级木工', '土木公司', '莫正志', '谷城县', '2022-04-01 00:00:00', '2022-10-02 00:00:00');
INSERT INTO `fp_residence` VALUES (227, '饶采萱', '男', '110101192002216670', '高级木工', '土木公司', '魏雁菡', '南郑县', '2022-04-02 00:00:00', '2022-10-03 00:00:00');
INSERT INTO `fp_residence` VALUES (228, '诗墨', '男', '110101192002219353', '高级木工', '土木公司', '淦昆皓', '南郑县', '2022-04-03 00:00:00', '2022-10-04 00:00:00');
INSERT INTO `fp_residence` VALUES (229, '莫正志', '男', '110101192002219134', '高级电工', '土木公司', '习和裕', '南郑县', '2022-04-04 00:00:00', '2022-10-05 00:00:00');
INSERT INTO `fp_residence` VALUES (230, '魏雁菡', '男', '110101192002217972', '高级电工', '土木公司', '隆毅君', '南郑县', '2022-04-05 00:00:00', '2022-10-06 00:00:00');
INSERT INTO `fp_residence` VALUES (231, '淦昆皓', '男', '110101192002218190', '高级电工', '土木公司', '茆畅', '南郑县', '2022-04-06 00:00:00', '2022-10-07 00:00:00');
INSERT INTO `fp_residence` VALUES (232, '习和裕', '男', '110101192002218852', '高级电工', '土木公司', '旁梦菡', '南郑县', '2022-04-07 00:00:00', '2022-10-08 00:00:00');
INSERT INTO `fp_residence` VALUES (233, '甲芸儿', '男', '110101192002217614', '高级电工', '土木公司', '但蕙', '南郑县', '2022-04-08 00:00:00', '2022-10-09 00:00:00');
INSERT INTO `fp_residence` VALUES (234, '通思懿', '男', '110101192002217390', '中级电工', '土木公司', '贾濯', '南郑县', '2022-04-09 00:00:00', '2022-10-10 00:00:00');
INSERT INTO `fp_residence` VALUES (235, '子车灵阳', '男', '110101192002218414', '中级电工', '水泥公司', '鄢思凡', '南郑县', '2022-04-10 00:07:00', '2022-10-11 00:08:00');
INSERT INTO `fp_residence` VALUES (236, '莫正志', '男', '110101192002219134', '中级电工', '土木公司', '顾行', '南郑县', '2022-03-04 21:04:52', '2022-08-31 21:04:52');
INSERT INTO `fp_residence` VALUES (237, '魏雁菡', '男', '110101192002217972', '中级电工', '土木公司', '嘉浩', '南郑县', '2022-03-04 22:13:55', '2022-08-31 22:13:55');
INSERT INTO `fp_residence` VALUES (238, '淦昆皓', '男', '110101192002218190', '中级电工', '土木公司', '柏永思', '南郑县', '2022-03-17 10:05:34', '2022-09-13 10:05:34');
INSERT INTO `fp_residence` VALUES (239, '习和裕', '男', '110101192002218852', '中级电工', '土木公司', '隆毅君', '南郑县', '2022-03-18 10:05:34', '2022-09-14 10:05:34');
INSERT INTO `fp_residence` VALUES (240, '甲芸儿', '男', '110101192002217614', '中级电工', '土木公司', '茆畅', '南郑县', '2022-03-19 10:05:34', '2022-09-15 10:05:34');
INSERT INTO `fp_residence` VALUES (241, '通思懿', '男', '110101192002217390', '中级电工', '土木公司', '旁梦菡', '南郑县', '2022-03-20 10:05:34', '2022-09-16 10:05:34');
INSERT INTO `fp_residence` VALUES (242, '子车灵阳', '男', '110101192002218414', '中级电工', '土木公司', '但蕙', '南郑县', '2022-03-21 10:05:34', '2022-09-17 10:05:34');
INSERT INTO `fp_residence` VALUES (243, '顾行', '男', '110101192002216398', '高级电工', '土木公司', '茆畅', '谷城县', '2022-03-23 00:00:00', '2022-09-23 00:00:00');
INSERT INTO `fp_residence` VALUES (244, '嘉浩', '男', '110101192002217278', '高级电工', '土木公司', '旁梦菡', '谷城县', '2022-03-24 00:00:00', '2022-09-24 00:00:00');
INSERT INTO `fp_residence` VALUES (245, '柏永思', '男', '110101192002216814', '高级电工', '土木公司', '但蕙', '谷城县', '2022-03-25 00:00:00', '2022-09-25 00:00:00');
INSERT INTO `fp_residence` VALUES (246, '隆毅君', '男', '110101192002219070', '高级电工', '土木公司', '贾濯', '谷城县', '2022-03-26 00:00:00', '2022-09-26 00:00:00');
INSERT INTO `fp_residence` VALUES (247, '茆畅', '男', '11010119200221961X', '高级电工', '土木公司', '鄢思凡', '谷城县', '2022-03-27 00:00:00', '2022-09-27 00:00:00');
INSERT INTO `fp_residence` VALUES (248, '旁梦菡', '男', '110101192002217294', '高级电工', '土木公司', '衅海荣', '谷城县', '2022-03-28 00:00:00', '2022-09-28 00:00:00');
INSERT INTO `fp_residence` VALUES (249, '但蕙', '男', '110101192002218879', '高级电工', '土木公司', '甲芸儿', '谷城县', '2022-03-29 00:00:00', '2022-09-29 00:00:00');
INSERT INTO `fp_residence` VALUES (250, '贾濯', '男', '110101192002219855', '高级木工', '土木公司', '通思懿', '谷城县', '2022-03-30 00:00:00', '2022-09-30 00:00:00');
INSERT INTO `fp_residence` VALUES (251, '鄢思凡', '男', '110101192002219556', '高级木工', '土木公司', '子车灵阳', '谷城县', '2022-03-31 00:00:00', '2022-10-01 00:00:00');
INSERT INTO `fp_residence` VALUES (252, '衅海荣', '男', '110101192002218959', '高级木工', '土木公司', '莫正志', '谷城县', '2022-04-01 00:00:00', '2022-10-02 00:00:00');
INSERT INTO `fp_residence` VALUES (253, '饶采萱', '男', '110101192002216670', '高级木工', '土木公司', '魏雁菡', '南郑县', '2022-04-02 00:00:00', '2022-10-03 00:00:00');
INSERT INTO `fp_residence` VALUES (254, '诗墨', '男', '110101192002219353', '高级木工', '土木公司', '淦昆皓', '南郑县', '2022-04-03 00:00:00', '2022-10-04 00:00:00');
INSERT INTO `fp_residence` VALUES (255, '莫正志', '男', '110101192002219134', '高级电工', '土木公司', '习和裕', '南郑县', '2022-04-04 00:00:00', '2022-10-05 00:00:00');
INSERT INTO `fp_residence` VALUES (256, '魏雁菡', '男', '110101192002217972', '高级电工', '土木公司', '隆毅君', '南郑县', '2022-04-05 00:00:00', '2022-10-06 00:00:00');
INSERT INTO `fp_residence` VALUES (257, '淦昆皓', '男', '110101192002218190', '高级电工', '土木公司', '茆畅', '南郑县', '2022-04-06 00:00:00', '2022-10-07 00:00:00');
INSERT INTO `fp_residence` VALUES (258, '习和裕', '男', '110101192002218852', '高级电工', '土木公司', '旁梦菡', '南郑县', '2022-04-07 00:00:00', '2022-10-08 00:00:00');
INSERT INTO `fp_residence` VALUES (259, '甲芸儿', '男', '110101192002217614', '高级电工', '土木公司', '但蕙', '南郑县', '2022-04-08 00:00:00', '2022-10-09 00:00:00');
INSERT INTO `fp_residence` VALUES (260, '通思懿', '男', '110101192002217390', '中级电工', '土木公司', '贾濯', '南郑县', '2022-04-09 00:00:00', '2022-10-10 00:00:00');
INSERT INTO `fp_residence` VALUES (261, '子车灵阳', '男', '110101192002218414', '中级电工', '水泥公司', '鄢思凡', '南郑县', '2022-04-10 00:07:00', '2022-10-11 00:08:00');
INSERT INTO `fp_residence` VALUES (262, '莫正志', '男', '110101192002219134', '中级电工', '土木公司', '顾行', '南郑县', '2022-03-04 21:04:52', '2022-08-31 21:04:52');
INSERT INTO `fp_residence` VALUES (263, '魏雁菡', '男', '110101192002217972', '中级电工', '土木公司', '嘉浩', '南郑县', '2022-03-04 22:13:55', '2022-08-31 22:13:55');
INSERT INTO `fp_residence` VALUES (264, '淦昆皓', '男', '110101192002218190', '中级电工', '土木公司', '柏永思', '南郑县', '2022-03-17 10:05:34', '2022-09-13 10:05:34');
INSERT INTO `fp_residence` VALUES (265, '习和裕', '男', '110101192002218852', '中级电工', '土木公司', '隆毅君', '南郑县', '2022-03-18 10:05:34', '2022-09-14 10:05:34');
INSERT INTO `fp_residence` VALUES (266, '甲芸儿', '男', '110101192002217614', '中级电工', '土木公司', '茆畅', '南郑县', '2022-03-19 10:05:34', '2022-09-15 10:05:34');
INSERT INTO `fp_residence` VALUES (267, '通思懿', '男', '110101192002217390', '中级电工', '土木公司', '旁梦菡', '南郑县', '2022-03-20 10:05:34', '2022-09-16 10:05:34');
INSERT INTO `fp_residence` VALUES (268, '子车灵阳', '男', '110101192002218414', '中级电工', '土木公司', '但蕙', '南郑县', '2022-03-21 10:05:34', '2022-09-17 10:05:34');
INSERT INTO `fp_residence` VALUES (269, '子车灵阳', '男', '110101192002218414', '中级电工', '水泥公司', '鄢思凡', '南郑县', '2022-04-10 00:07:00', '2022-10-11 00:08:00');
INSERT INTO `fp_residence` VALUES (270, '莫正志', '男', '110101192002219134', '中级电工', '土木公司', '顾行', '南郑县', '2022-03-04 21:04:52', '2022-08-31 21:04:52');
INSERT INTO `fp_residence` VALUES (271, '魏雁菡', '男', '110101192002217972', '中级电工', '土木公司', '嘉浩', '南郑县', '2022-03-04 22:13:55', '2022-08-31 22:13:55');
INSERT INTO `fp_residence` VALUES (272, '淦昆皓', '男', '110101192002218190', '中级电工', '土木公司', '柏永思', '南郑县', '2022-03-17 10:05:34', '2022-09-13 10:05:34');
INSERT INTO `fp_residence` VALUES (273, '习和裕', '男', '110101192002218852', '中级电工', '土木公司', '隆毅君', '南郑县', '2022-03-18 10:05:34', '2022-09-14 10:05:34');
INSERT INTO `fp_residence` VALUES (274, '甲芸儿', '男', '110101192002217614', '中级电工', '土木公司', '茆畅', '南郑县', '2022-03-19 10:05:34', '2022-09-15 10:05:34');
INSERT INTO `fp_residence` VALUES (275, '通思懿', '男', '110101192002217390', '中级电工', '土木公司', '旁梦菡', '南郑县', '2022-03-20 10:05:34', '2022-09-16 10:05:34');
INSERT INTO `fp_residence` VALUES (276, '子车灵阳', '男', '110101192002218414', '中级电工', '土木公司', '但蕙', '南郑县', '2022-03-21 10:05:34', '2022-09-17 10:05:34');
INSERT INTO `fp_residence` VALUES (277, '顾行', '男', '110101192002216398', '高级电工', '土木公司', '茆畅', '谷城县', '2022-03-23 00:00:00', '2022-09-23 00:00:00');
INSERT INTO `fp_residence` VALUES (278, '嘉浩', '男', '110101192002217278', '高级电工', '土木公司', '旁梦菡', '谷城县', '2022-03-24 00:00:00', '2022-09-24 00:00:00');
INSERT INTO `fp_residence` VALUES (279, '柏永思', '男', '110101192002216814', '高级电工', '土木公司', '但蕙', '谷城县', '2022-03-25 00:00:00', '2022-09-25 00:00:00');
INSERT INTO `fp_residence` VALUES (280, '隆毅君', '男', '110101192002219070', '高级电工', '土木公司', '贾濯', '谷城县', '2022-03-26 00:00:00', '2022-09-26 00:00:00');
INSERT INTO `fp_residence` VALUES (281, '茆畅', '男', '11010119200221961X', '高级电工', '土木公司', '鄢思凡', '谷城县', '2022-03-27 00:00:00', '2022-09-27 00:00:00');
INSERT INTO `fp_residence` VALUES (282, '旁梦菡', '男', '110101192002217294', '高级电工', '土木公司', '衅海荣', '谷城县', '2022-03-28 00:00:00', '2022-09-28 00:00:00');
INSERT INTO `fp_residence` VALUES (283, '但蕙', '男', '110101192002218879', '高级电工', '土木公司', '甲芸儿', '谷城县', '2022-03-29 00:00:00', '2022-09-29 00:00:00');
INSERT INTO `fp_residence` VALUES (284, '贾濯', '男', '110101192002219855', '高级木工', '土木公司', '通思懿', '谷城县', '2022-03-30 00:00:00', '2022-09-30 00:00:00');
INSERT INTO `fp_residence` VALUES (285, '鄢思凡', '男', '110101192002219556', '高级木工', '土木公司', '子车灵阳', '谷城县', '2022-03-31 00:00:00', '2022-10-01 00:00:00');
INSERT INTO `fp_residence` VALUES (286, '衅海荣', '男', '110101192002218959', '高级木工', '土木公司', '莫正志', '谷城县', '2022-04-01 00:00:00', '2022-10-02 00:00:00');
INSERT INTO `fp_residence` VALUES (287, '饶采萱', '男', '110101192002216670', '高级木工', '土木公司', '魏雁菡', '南郑县', '2022-04-02 00:00:00', '2022-10-03 00:00:00');
INSERT INTO `fp_residence` VALUES (288, '诗墨', '男', '110101192002219353', '高级木工', '土木公司', '淦昆皓', '南郑县', '2022-04-03 00:00:00', '2022-10-04 00:00:00');
INSERT INTO `fp_residence` VALUES (289, '顾行', '男', '110101192002216398', '高级电工', '土木公司', '茆畅', '谷城县', '2022-03-23 00:00:00', '2022-09-23 00:00:00');
INSERT INTO `fp_residence` VALUES (290, '嘉浩', '男', '110101192002217278', '高级电工', '土木公司', '旁梦菡', '谷城县', '2022-03-24 00:00:00', '2022-09-24 00:00:00');
INSERT INTO `fp_residence` VALUES (291, '柏永思', '男', '110101192002216814', '高级电工', '土木公司', '但蕙', '谷城县', '2022-03-25 00:00:00', '2022-09-25 00:00:00');
INSERT INTO `fp_residence` VALUES (292, '隆毅君', '男', '110101192002219070', '高级电工', '土木公司', '贾濯', '谷城县', '2022-03-26 00:00:00', '2022-09-26 00:00:00');
INSERT INTO `fp_residence` VALUES (293, '茆畅', '男', '11010119200221961X', '高级电工', '土木公司', '鄢思凡', '谷城县', '2022-03-27 00:00:00', '2022-09-27 00:00:00');
INSERT INTO `fp_residence` VALUES (294, '旁梦菡', '男', '110101192002217294', '高级电工', '土木公司', '衅海荣', '谷城县', '2022-03-28 00:00:00', '2022-09-28 00:00:00');
INSERT INTO `fp_residence` VALUES (295, '但蕙', '男', '110101192002218879', '高级电工', '土木公司', '甲芸儿', '谷城县', '2022-03-29 00:00:00', '2022-09-29 00:00:00');
INSERT INTO `fp_residence` VALUES (296, '贾濯', '男', '110101192002219855', '高级木工', '土木公司', '通思懿', '谷城县', '2022-03-30 00:00:00', '2022-09-30 00:00:00');
INSERT INTO `fp_residence` VALUES (297, '鄢思凡', '男', '110101192002219556', '高级木工', '土木公司', '子车灵阳', '谷城县', '2022-03-31 00:00:00', '2022-10-01 00:00:00');
INSERT INTO `fp_residence` VALUES (298, '衅海荣', '男', '110101192002218959', '高级木工', '土木公司', '莫正志', '谷城县', '2022-04-01 00:00:00', '2022-10-02 00:00:00');
INSERT INTO `fp_residence` VALUES (299, '饶采萱', '男', '110101192002216670', '高级木工', '土木公司', '魏雁菡', '南郑县', '2022-04-02 00:00:00', '2022-10-03 00:00:00');
INSERT INTO `fp_residence` VALUES (300, '诗墨', '男', '110101192002219353', '高级木工', '土木公司', '淦昆皓', '南郑县', '2022-04-03 00:00:00', '2022-10-04 00:00:00');
INSERT INTO `fp_residence` VALUES (301, '莫正志', '男', '110101192002219134', '高级电工', '土木公司', '习和裕', '南郑县', '2022-04-04 00:00:00', '2022-10-05 00:00:00');
INSERT INTO `fp_residence` VALUES (302, '魏雁菡', '男', '110101192002217972', '高级电工', '土木公司', '隆毅君', '南郑县', '2022-04-05 00:00:00', '2022-10-06 00:00:00');
INSERT INTO `fp_residence` VALUES (303, '淦昆皓', '男', '110101192002218190', '高级电工', '土木公司', '茆畅', '南郑县', '2022-04-06 00:00:00', '2022-10-07 00:00:00');
INSERT INTO `fp_residence` VALUES (304, '习和裕', '男', '110101192002218852', '高级电工', '土木公司', '旁梦菡', '南郑县', '2022-04-07 00:00:00', '2022-10-08 00:00:00');
INSERT INTO `fp_residence` VALUES (305, '甲芸儿', '男', '110101192002217614', '高级电工', '土木公司', '但蕙', '南郑县', '2022-04-08 00:00:00', '2022-10-09 00:00:00');
INSERT INTO `fp_residence` VALUES (306, '通思懿', '男', '110101192002217390', '中级电工', '土木公司', '贾濯', '南郑县', '2022-04-09 00:00:00', '2022-10-10 00:00:00');
INSERT INTO `fp_residence` VALUES (307, '子车灵阳', '男', '110101192002218414', '中级电工', '水泥公司', '鄢思凡', '南郑县', '2022-04-10 00:07:00', '2022-10-11 00:08:00');
INSERT INTO `fp_residence` VALUES (308, '莫正志', '男', '110101192002219134', '中级电工', '土木公司', '顾行', '南郑县', '2022-03-04 21:04:52', '2022-08-31 21:04:52');
INSERT INTO `fp_residence` VALUES (309, '魏雁菡', '男', '110101192002217972', '中级电工', '土木公司', '嘉浩', '南郑县', '2022-03-04 22:13:55', '2022-08-31 22:13:55');
INSERT INTO `fp_residence` VALUES (310, '淦昆皓', '男', '110101192002218190', '中级电工', '土木公司', '柏永思', '南郑县', '2022-03-17 10:05:34', '2022-09-13 10:05:34');
INSERT INTO `fp_residence` VALUES (311, '习和裕', '男', '110101192002218852', '中级电工', '土木公司', '隆毅君', '南郑县', '2022-03-18 10:05:34', '2022-09-14 10:05:34');
INSERT INTO `fp_residence` VALUES (312, '甲芸儿', '男', '110101192002217614', '中级电工', '土木公司', '茆畅', '南郑县', '2022-03-19 10:05:34', '2022-09-15 10:05:34');
INSERT INTO `fp_residence` VALUES (313, '通思懿', '男', '110101192002217390', '中级电工', '土木公司', '旁梦菡', '南郑县', '2022-03-20 10:05:34', '2022-09-16 10:05:34');
INSERT INTO `fp_residence` VALUES (314, '子车灵阳', '男', '110101192002218414', '中级电工', '土木公司', '但蕙', '南郑县', '2022-03-21 10:05:34', '2022-09-17 10:05:34');
INSERT INTO `fp_residence` VALUES (315, '顾行', '男', '110101192002216398', '高级电工', '土木公司', '茆畅', '谷城县', '2022-03-23 00:00:00', '2022-09-23 00:00:00');
INSERT INTO `fp_residence` VALUES (316, '嘉浩', '男', '110101192002217278', '高级电工', '土木公司', '旁梦菡', '谷城县', '2022-03-24 00:00:00', '2022-09-24 00:00:00');
INSERT INTO `fp_residence` VALUES (317, '柏永思', '男', '110101192002216814', '高级电工', '土木公司', '但蕙', '谷城县', '2022-03-25 00:00:00', '2022-09-25 00:00:00');
INSERT INTO `fp_residence` VALUES (318, '隆毅君', '男', '110101192002219070', '高级电工', '土木公司', '贾濯', '谷城县', '2022-03-26 00:00:00', '2022-09-26 00:00:00');
INSERT INTO `fp_residence` VALUES (319, '茆畅', '男', '11010119200221961X', '高级电工', '土木公司', '鄢思凡', '谷城县', '2022-03-27 00:00:00', '2022-09-27 00:00:00');
INSERT INTO `fp_residence` VALUES (320, '旁梦菡', '男', '110101192002217294', '高级电工', '土木公司', '衅海荣', '谷城县', '2022-03-28 00:00:00', '2022-09-28 00:00:00');
INSERT INTO `fp_residence` VALUES (321, '但蕙', '男', '110101192002218879', '高级电工', '土木公司', '甲芸儿', '谷城县', '2022-03-29 00:00:00', '2022-09-29 00:00:00');
INSERT INTO `fp_residence` VALUES (322, '贾濯', '男', '110101192002219855', '高级木工', '土木公司', '通思懿', '谷城县', '2022-03-30 00:00:00', '2022-09-30 00:00:00');
INSERT INTO `fp_residence` VALUES (323, '鄢思凡', '男', '110101192002219556', '高级木工', '土木公司', '子车灵阳', '谷城县', '2022-03-31 00:00:00', '2022-10-01 00:00:00');
INSERT INTO `fp_residence` VALUES (324, '衅海荣', '男', '110101192002218959', '高级木工', '土木公司', '莫正志', '谷城县', '2022-04-01 00:00:00', '2022-10-02 00:00:00');
INSERT INTO `fp_residence` VALUES (325, '饶采萱', '男', '110101192002216670', '高级木工', '土木公司', '魏雁菡', '南郑县', '2022-04-02 00:00:00', '2022-10-03 00:00:00');
INSERT INTO `fp_residence` VALUES (326, '诗墨', '男', '110101192002219353', '高级木工', '土木公司', '淦昆皓', '南郑县', '2022-04-03 00:00:00', '2022-10-04 00:00:00');
INSERT INTO `fp_residence` VALUES (327, '莫正志', '男', '110101192002219134', '高级电工', '土木公司', '习和裕', '南郑县', '2022-04-04 00:00:00', '2022-10-05 00:00:00');
INSERT INTO `fp_residence` VALUES (328, '魏雁菡', '男', '110101192002217972', '高级电工', '土木公司', '隆毅君', '南郑县', '2022-04-05 00:00:00', '2022-10-06 00:00:00');
INSERT INTO `fp_residence` VALUES (329, '淦昆皓', '男', '110101192002218190', '高级电工', '土木公司', '茆畅', '南郑县', '2022-04-06 00:00:00', '2022-10-07 00:00:00');
INSERT INTO `fp_residence` VALUES (330, '习和裕', '男', '110101192002218852', '高级电工', '土木公司', '旁梦菡', '南郑县', '2022-04-07 00:00:00', '2022-10-08 00:00:00');
INSERT INTO `fp_residence` VALUES (331, '甲芸儿', '男', '110101192002217614', '高级电工', '土木公司', '但蕙', '南郑县', '2022-04-08 00:00:00', '2022-10-09 00:00:00');
INSERT INTO `fp_residence` VALUES (332, '通思懿', '男', '110101192002217390', '中级电工', '土木公司', '贾濯', '南郑县', '2022-04-09 00:00:00', '2022-10-10 00:00:00');
INSERT INTO `fp_residence` VALUES (333, '子车灵阳', '男', '110101192002218414', '中级电工', '水泥公司', '鄢思凡', '南郑县', '2022-04-10 00:07:00', '2022-10-11 00:08:00');
INSERT INTO `fp_residence` VALUES (334, '莫正志', '男', '110101192002219134', '中级电工', '土木公司', '顾行', '南郑县', '2022-03-04 21:04:52', '2022-08-31 21:04:52');
INSERT INTO `fp_residence` VALUES (335, '魏雁菡', '男', '110101192002217972', '中级电工', '土木公司', '嘉浩', '南郑县', '2022-03-04 22:13:55', '2022-08-31 22:13:55');
INSERT INTO `fp_residence` VALUES (336, '淦昆皓', '男', '110101192002218190', '中级电工', '土木公司', '柏永思', '南郑县', '2022-03-17 10:05:34', '2022-09-13 10:05:34');
INSERT INTO `fp_residence` VALUES (337, '习和裕', '男', '110101192002218852', '中级电工', '土木公司', '隆毅君', '南郑县', '2022-03-18 10:05:34', '2022-09-14 10:05:34');
INSERT INTO `fp_residence` VALUES (338, '甲芸儿', '男', '110101192002217614', '中级电工', '土木公司', '茆畅', '南郑县', '2022-03-19 10:05:34', '2022-09-15 10:05:34');
INSERT INTO `fp_residence` VALUES (339, '通思懿', '男', '110101192002217390', '中级电工', '土木公司', '旁梦菡', '南郑县', '2022-03-20 10:05:34', '2022-09-16 10:05:34');
INSERT INTO `fp_residence` VALUES (340, '子车灵阳', '男', '110101192002218414', '中级电工', '土木公司', '但蕙', '南郑县', '2022-03-21 10:05:34', '2022-09-17 10:05:34');
INSERT INTO `fp_residence` VALUES (341, '子车灵阳', '男', '110101192002218414', '中级电工', '水泥公司', '鄢思凡', '南郑县', '2022-04-10 00:07:00', '2022-10-11 00:08:00');
INSERT INTO `fp_residence` VALUES (342, '莫正志', '男', '110101192002219134', '中级电工', '土木公司', '顾行', '南郑县', '2022-03-04 21:04:52', '2022-08-31 21:04:52');
INSERT INTO `fp_residence` VALUES (343, '魏雁菡', '男', '110101192002217972', '中级电工', '土木公司', '嘉浩', '南郑县', '2022-03-04 22:13:55', '2022-08-31 22:13:55');
INSERT INTO `fp_residence` VALUES (344, '淦昆皓', '男', '110101192002218190', '中级电工', '土木公司', '柏永思', '南郑县', '2022-03-17 10:05:34', '2022-09-13 10:05:34');
INSERT INTO `fp_residence` VALUES (345, '习和裕', '男', '110101192002218852', '中级电工', '土木公司', '隆毅君', '南郑县', '2022-03-18 10:05:34', '2022-09-14 10:05:34');
INSERT INTO `fp_residence` VALUES (346, '甲芸儿', '男', '110101192002217614', '中级电工', '土木公司', '茆畅', '南郑县', '2022-03-19 10:05:34', '2022-09-15 10:05:34');
INSERT INTO `fp_residence` VALUES (347, '通思懿', '男', '110101192002217390', '中级电工', '土木公司', '旁梦菡', '南郑县', '2022-03-20 10:05:34', '2022-09-16 10:05:34');
INSERT INTO `fp_residence` VALUES (348, '子车灵阳', '男', '110101192002218414', '中级电工', '土木公司', '但蕙', '南郑县', '2022-03-21 10:05:34', '2022-09-17 10:05:34');
INSERT INTO `fp_residence` VALUES (349, '顾行', '男', '110101192002216398', '高级电工', '土木公司', '茆畅', '谷城县', '2022-03-23 00:00:00', '2022-09-23 00:00:00');
INSERT INTO `fp_residence` VALUES (350, '嘉浩', '男', '110101192002217278', '高级电工', '土木公司', '旁梦菡', '谷城县', '2022-03-24 00:00:00', '2022-09-24 00:00:00');
INSERT INTO `fp_residence` VALUES (351, '柏永思', '男', '110101192002216814', '高级电工', '土木公司', '但蕙', '谷城县', '2022-03-25 00:00:00', '2022-09-25 00:00:00');
INSERT INTO `fp_residence` VALUES (352, '隆毅君', '男', '110101192002219070', '高级电工', '土木公司', '贾濯', '谷城县', '2022-03-26 00:00:00', '2022-09-26 00:00:00');
INSERT INTO `fp_residence` VALUES (353, '茆畅', '男', '11010119200221961X', '高级电工', '土木公司', '鄢思凡', '谷城县', '2022-03-27 00:00:00', '2022-09-27 00:00:00');
INSERT INTO `fp_residence` VALUES (354, '旁梦菡', '男', '110101192002217294', '高级电工', '土木公司', '衅海荣', '谷城县', '2022-03-28 00:00:00', '2022-09-28 00:00:00');
INSERT INTO `fp_residence` VALUES (355, '但蕙', '男', '110101192002218879', '高级电工', '土木公司', '甲芸儿', '谷城县', '2022-03-29 00:00:00', '2022-09-29 00:00:00');
INSERT INTO `fp_residence` VALUES (356, '贾濯', '男', '110101192002219855', '高级木工', '土木公司', '通思懿', '谷城县', '2022-03-30 00:00:00', '2022-09-30 00:00:00');
INSERT INTO `fp_residence` VALUES (357, '鄢思凡', '男', '110101192002219556', '高级木工', '土木公司', '子车灵阳', '谷城县', '2022-03-31 00:00:00', '2022-10-01 00:00:00');
INSERT INTO `fp_residence` VALUES (358, '衅海荣', '男', '110101192002218959', '高级木工', '土木公司', '莫正志', '谷城县', '2022-04-01 00:00:00', '2022-10-02 00:00:00');
INSERT INTO `fp_residence` VALUES (359, '饶采萱', '男', '110101192002216670', '高级木工', '土木公司', '魏雁菡', '南郑县', '2022-04-02 00:00:00', '2022-10-03 00:00:00');
INSERT INTO `fp_residence` VALUES (360, '诗墨', '男', '110101192002219353', '高级木工', '土木公司', '淦昆皓', '南郑县', '2022-04-03 00:00:00', '2022-10-04 00:00:00');
COMMIT;

-- ----------------------------
-- Table structure for fp_user_birth
-- ----------------------------
DROP TABLE IF EXISTS `fp_user_birth`;
CREATE TABLE `fp_user_birth` (
  `id_user` int(8) NOT NULL,
  `id_birth` int(8) NOT NULL,
  PRIMARY KEY (`id_user`,`id_birth`) USING BTREE,
  KEY `birth_foreign` (`id_birth`),
  CONSTRAINT `birth_foreign` FOREIGN KEY (`id_birth`) REFERENCES `fp_birth` (`id`) ON DELETE CASCADE ON UPDATE CASCADE,
  CONSTRAINT `user` FOREIGN KEY (`id_user`) REFERENCES `sys_user` (`id`) ON DELETE CASCADE ON UPDATE CASCADE
) ENGINE=InnoDB DEFAULT CHARSET=utf8mb4 COLLATE=utf8mb4_unicode_ci;

-- ----------------------------
-- Records of fp_user_birth
-- ----------------------------
BEGIN;
COMMIT;

-- ----------------------------
-- Table structure for fp_user_illegal
-- ----------------------------
DROP TABLE IF EXISTS `fp_user_illegal`;
CREATE TABLE `fp_user_illegal` (
  `id_user` int(8) NOT NULL,
  `id_illegal` int(8) NOT NULL,
  PRIMARY KEY (`id_user`,`id_illegal`) USING BTREE,
  KEY `illegal` (`id_illegal`),
  CONSTRAINT `illegal` FOREIGN KEY (`id_illegal`) REFERENCES `fp_illegal` (`id`) ON DELETE CASCADE ON UPDATE CASCADE
) ENGINE=InnoDB DEFAULT CHARSET=utf8mb4 COLLATE=utf8mb4_unicode_ci;

-- ----------------------------
-- Records of fp_user_illegal
-- ----------------------------
BEGIN;
INSERT INTO `fp_user_illegal` VALUES (17, 10);
INSERT INTO `fp_user_illegal` VALUES (17, 11);
INSERT INTO `fp_user_illegal` VALUES (20, 11);
INSERT INTO `fp_user_illegal` VALUES (17, 12);
INSERT INTO `fp_user_illegal` VALUES (1, 19);
INSERT INTO `fp_user_illegal` VALUES (20, 19);
COMMIT;

-- ----------------------------
-- Table structure for fp_user_info
-- ----------------------------
DROP TABLE IF EXISTS `fp_user_info`;
CREATE TABLE `fp_user_info` (
  `id_user` int(8) NOT NULL,
  `id_info` int(8) NOT NULL,
  PRIMARY KEY (`id_user`) USING BTREE,
  KEY `info` (`id_info`),
  CONSTRAINT `info` FOREIGN KEY (`id_info`) REFERENCES `fp_info` (`id`) ON DELETE CASCADE ON UPDATE CASCADE
) ENGINE=InnoDB DEFAULT CHARSET=utf8mb4 COLLATE=utf8mb4_unicode_ci;

-- ----------------------------
-- Records of fp_user_info
-- ----------------------------
BEGIN;
INSERT INTO `fp_user_info` VALUES (2, 3);
INSERT INTO `fp_user_info` VALUES (3, 4);
INSERT INTO `fp_user_info` VALUES (4, 5);
INSERT INTO `fp_user_info` VALUES (6, 6);
INSERT INTO `fp_user_info` VALUES (1, 10);
INSERT INTO `fp_user_info` VALUES (17, 13);
INSERT INTO `fp_user_info` VALUES (18, 13);
INSERT INTO `fp_user_info` VALUES (19, 20);
INSERT INTO `fp_user_info` VALUES (20, 21);
COMMIT;

-- ----------------------------
-- Table structure for fp_user_residence
-- ----------------------------
DROP TABLE IF EXISTS `fp_user_residence`;
CREATE TABLE `fp_user_residence` (
  `id_user` int(8) NOT NULL,
  `id_residence` int(8) NOT NULL,
  PRIMARY KEY (`id_user`,`id_residence`) USING BTREE,
  KEY `residenece` (`id_residence`),
  CONSTRAINT `residenece` FOREIGN KEY (`id_residence`) REFERENCES `fp_residence` (`id`) ON DELETE CASCADE ON UPDATE CASCADE
) ENGINE=InnoDB DEFAULT CHARSET=utf8mb4 COLLATE=utf8mb4_unicode_ci;

-- ----------------------------
-- Records of fp_user_residence
-- ----------------------------
BEGIN;
INSERT INTO `fp_user_residence` VALUES (17, 10);
INSERT INTO `fp_user_residence` VALUES (20, 10);
INSERT INTO `fp_user_residence` VALUES (1, 22);
INSERT INTO `fp_user_residence` VALUES (1, 23);
INSERT INTO `fp_user_residence` VALUES (17, 24);
COMMIT;

-- ----------------------------
-- Table structure for sys_dict
-- ----------------------------
DROP TABLE IF EXISTS `sys_dict`;
CREATE TABLE `sys_dict` (
  `name` varchar(255) COLLATE utf8mb4_unicode_ci DEFAULT NULL COMMENT '名称',
  `value` varchar(255) COLLATE utf8mb4_unicode_ci DEFAULT NULL COMMENT '内容',
  `type` varchar(255) COLLATE utf8mb4_unicode_ci DEFAULT NULL COMMENT '类型'
) ENGINE=InnoDB DEFAULT CHARSET=utf8mb4 COLLATE=utf8mb4_unicode_ci ROW_FORMAT=DYNAMIC;

-- ----------------------------
-- Records of sys_dict
-- ----------------------------
BEGIN;
INSERT INTO `sys_dict` VALUES ('user', 'el-icon-user', 'icon');
INSERT INTO `sys_dict` VALUES ('house', 'el-icon-house', 'icon');
INSERT INTO `sys_dict` VALUES ('menu', 'el-icon-menu', 'icon');
INSERT INTO `sys_dict` VALUES ('s-custom', 'el-icon-s-custom', 'icon');
INSERT INTO `sys_dict` VALUES ('s-grid', 'el-icon-s-grid', 'icon');
INSERT INTO `sys_dict` VALUES ('document', 'el-icon-document', 'icon');
INSERT INTO `sys_dict` VALUES ('coffee', 'el-icon-coffee\r\n', 'icon');
INSERT INTO `sys_dict` VALUES ('s-marketing', 'el-icon-s-marketing', 'icon');
COMMIT;

-- ----------------------------
-- Table structure for sys_file
-- ----------------------------
DROP TABLE IF EXISTS `sys_file`;
CREATE TABLE `sys_file` (
  `id` int(11) NOT NULL AUTO_INCREMENT COMMENT 'id',
  `name` varchar(255) COLLATE utf8mb4_unicode_ci DEFAULT NULL COMMENT '文件名称',
  `type` varchar(255) COLLATE utf8mb4_unicode_ci DEFAULT NULL COMMENT '文件类型',
  `size` bigint(20) DEFAULT NULL COMMENT '文件大小(kb)',
  `url` varchar(255) COLLATE utf8mb4_unicode_ci DEFAULT NULL COMMENT '下载链接',
  `md5` varchar(255) COLLATE utf8mb4_unicode_ci DEFAULT NULL COMMENT '文件md5',
  `is_delete` tinyint(1) DEFAULT '0' COMMENT '是否删除',
  `enable` tinyint(1) DEFAULT '1' COMMENT '是否禁用链接',
  PRIMARY KEY (`id`) USING BTREE
) ENGINE=InnoDB AUTO_INCREMENT=51 DEFAULT CHARSET=utf8mb4 COLLATE=utf8mb4_unicode_ci ROW_FORMAT=DYNAMIC;

-- ----------------------------
-- Records of sys_file
-- ----------------------------
BEGIN;
INSERT INTO `sys_file` VALUES (39, 'Arcane.jpg', 'jpg', 86, 'http://8.141.48.181:8081/api/file/58c2c2c57e2943019e04e1208bed5490.jpg', 'e2e8de597f91e49303ddf51078f6612f', 1, 1);
INSERT INTO `sys_file` VALUES (40, 'Snipaste_2021-08-26_08-45-48.jpg', 'jpg', 107, 'http://8.141.48.181:8081/api/file/3be99304ca0746e89ef03b3f0e3c6b14.jpg', '9cb9ab6c38a089118a44150a56cf30f8', 0, 1);
INSERT INTO `sys_file` VALUES (41, '施工中.png', 'png', 329, 'http://8.141.48.181:8081/api/file/7abebd69c0ae48b1839cfe1711866490.png', 'de4df8e740c6c415b4dbc89f183c6458', 0, 1);
INSERT INTO `sys_file` VALUES (42, 'Arcane.jpg', 'jpg', 86, 'http://8.141.48.181:8081/api/file/58c2c2c57e2943019e04e1208bed5490.jpg', 'e2e8de597f91e49303ddf51078f6612f', 0, 1);
INSERT INTO `sys_file` VALUES (43, 'qq头像.jpg', 'jpg', 54, 'http://8.141.48.181:8081/api/file/872f393961c54efda45ac64cac8ff9b5.jpg', 'dc2a7ef9baaed15f142eae7af4dd66e9', 0, 1);
INSERT INTO `sys_file` VALUES (44, '错误日志.png', 'png', 53, 'http://localhost:8081/api/file/d38f02c96bf24094b0735ad33375bfe6.png', 'fb18d5b1fdde2cd5eb9852c62a190a5a', 0, 1);
INSERT INTO `sys_file` VALUES (45, 'Snipaste_2021-09-01_16-53-32.jpg', 'jpg', 54, 'http://localhost:8081/api/file/f4a336117414490c81cd45b2ff3df6ca.jpg', '55d49d902bba69cff63b5ca826e40d12', 0, 1);
INSERT INTO `sys_file` VALUES (46, '狩砂Karisa wink右.png', 'png', 926, 'http://localhost:8081/api/file/e640d4d7a609429f822af792fad28532.png', '4ee5f8b2a3bbf0af16fa2fbc106149fe', 0, 1);
INSERT INTO `sys_file` VALUES (47, '错误日志.png', 'png', 53, 'http://localhost:8081/api/file/d38f02c96bf24094b0735ad33375bfe6.png', 'fb18d5b1fdde2cd5eb9852c62a190a5a', 0, 1);
INSERT INTO `sys_file` VALUES (48, 'ad-1.jpeg', 'jpeg', 145, 'http://localhost:8081/api/file/a07c1d98e18f4df09deed2b44e17dae0.jpeg', '3ed55827555d6564e2b560956a53418a', 0, 1);
INSERT INTO `sys_file` VALUES (50, 'ad-2.jpg', 'jpg', 6, 'http://localhost:8081/api/file/1ffff52a083f4155b604e5d7c5f2b68f.jpg', 'dae681a7e0b320eff417e46491325c11', 0, 1);
COMMIT;

-- ----------------------------
-- Table structure for sys_menu
-- ----------------------------
DROP TABLE IF EXISTS `sys_menu`;
CREATE TABLE `sys_menu` (
  `id` int(11) NOT NULL AUTO_INCREMENT COMMENT 'id',
  `name` varchar(255) COLLATE utf8mb4_unicode_ci DEFAULT NULL COMMENT '名称',
  `path` varchar(255) COLLATE utf8mb4_unicode_ci DEFAULT NULL COMMENT '路径',
  `icon` varchar(255) COLLATE utf8mb4_unicode_ci DEFAULT NULL COMMENT '图标',
  `description` varchar(255) COLLATE utf8mb4_unicode_ci DEFAULT NULL COMMENT '描述',
  `pid` int(11) DEFAULT NULL COMMENT '父级id',
  `page_path` varchar(255) COLLATE utf8mb4_unicode_ci DEFAULT NULL COMMENT '页面路径',
  `sort_num` int(11) DEFAULT NULL COMMENT '排序',
  PRIMARY KEY (`id`) USING BTREE
) ENGINE=InnoDB AUTO_INCREMENT=23 DEFAULT CHARSET=utf8mb4 COLLATE=utf8mb4_unicode_ci ROW_FORMAT=DYNAMIC;

-- ----------------------------
-- Records of sys_menu
-- ----------------------------
BEGIN;
INSERT INTO `sys_menu` VALUES (1, '主页', '/home', 'el-icon-house', NULL, NULL, 'Home', 0);
INSERT INTO `sys_menu` VALUES (2, '仪 表 盘', '/dashboard', 'el-icon-s-marketing', '11', NULL, 'Dashboard', 100);
INSERT INTO `sys_menu` VALUES (4, '系统管理', NULL, 'el-icon-s-grid', NULL, NULL, NULL, 300);
INSERT INTO `sys_menu` VALUES (5, '用户管理', '/user', 'el-icon-user', NULL, 4, 'User', 301);
INSERT INTO `sys_menu` VALUES (6, '角色管理', '/role', 'el-icon-s-custom', NULL, 4, 'Role', 302);
INSERT INTO `sys_menu` VALUES (7, '菜单管理', '/menu', 'el-icon-menu', NULL, 4, 'Menu', 303);
INSERT INTO `sys_menu` VALUES (8, '文件管理', '/file', 'el-icon-document', NULL, 4, 'File', 304);
INSERT INTO `sys_menu` VALUES (11, '流动人口管理', NULL, 'el-icon-s-grid', NULL, NULL, NULL, 400);
INSERT INTO `sys_menu` VALUES (12, '人口信息管理', '/info', 'el-icon-document', NULL, 11, 'Info', 401);
INSERT INTO `sys_menu` VALUES (13, '违法记录管理', '/illegal', 'el-icon-document', NULL, 11, 'Illegal', 403);
INSERT INTO `sys_menu` VALUES (14, '生育记录管理', '/birth', 'el-icon-s-grid', NULL, 11, 'Birth', 404);
INSERT INTO `sys_menu` VALUES (15, '暂住证管理', '/residence', 'el-icon-document', NULL, 11, 'Residence', 402);
INSERT INTO `sys_menu` VALUES (19, '用户数据绑定', '/bind', 'el-icon-s-grid', NULL, 11, 'Bind', 405);
INSERT INTO `sys_menu` VALUES (21, '文章管理', 'article', 'el-icon-document', NULL, 4, 'Article', 305);
INSERT INTO `sys_menu` VALUES (22, '123', '/b', 'el-icon-user', '234', 11, 'Bind', 406);
COMMIT;

-- ----------------------------
-- Table structure for sys_role
-- ----------------------------
DROP TABLE IF EXISTS `sys_role`;
CREATE TABLE `sys_role` (
  `id` int(11) NOT NULL AUTO_INCREMENT COMMENT 'id',
  `name` varchar(50) COLLATE utf8mb4_unicode_ci DEFAULT NULL COMMENT '名称',
  `description` varchar(255) COLLATE utf8mb4_unicode_ci DEFAULT NULL COMMENT '描述',
  `flag` varchar(50) COLLATE utf8mb4_unicode_ci DEFAULT NULL COMMENT '唯一标识',
  PRIMARY KEY (`id`) USING BTREE
) ENGINE=InnoDB AUTO_INCREMENT=5 DEFAULT CHARSET=utf8mb4 COLLATE=utf8mb4_unicode_ci ROW_FORMAT=DYNAMIC;

-- ----------------------------
-- Records of sys_role
-- ----------------------------
BEGIN;
INSERT INTO `sys_role` VALUES (1, '管理员', '管理员', 'ROLE_ADMIN');
INSERT INTO `sys_role` VALUES (2, '普通用户', '普通用户', 'ROLE_USER');
INSERT INTO `sys_role` VALUES (3, '交警', '业务管理员-交警', 'ROLE_ILLEGAL');
INSERT INTO `sys_role` VALUES (4, '人口办', '管理外地人口', 'ROLE_PEOPLE');
COMMIT;

-- ----------------------------
-- Table structure for sys_role_menu
-- ----------------------------
DROP TABLE IF EXISTS `sys_role_menu`;
CREATE TABLE `sys_role_menu` (
  `role_id` int(11) NOT NULL COMMENT '角色id',
  `menu_id` int(11) NOT NULL COMMENT '菜单id',
  PRIMARY KEY (`role_id`,`menu_id`) USING BTREE
) ENGINE=InnoDB DEFAULT CHARSET=utf8mb4 COLLATE=utf8mb4_unicode_ci ROW_FORMAT=DYNAMIC COMMENT='角色菜单关系表';

-- ----------------------------
-- Records of sys_role_menu
-- ----------------------------
BEGIN;
INSERT INTO `sys_role_menu` VALUES (1, 1);
INSERT INTO `sys_role_menu` VALUES (1, 2);
INSERT INTO `sys_role_menu` VALUES (1, 4);
INSERT INTO `sys_role_menu` VALUES (1, 5);
INSERT INTO `sys_role_menu` VALUES (1, 6);
INSERT INTO `sys_role_menu` VALUES (1, 7);
INSERT INTO `sys_role_menu` VALUES (1, 8);
INSERT INTO `sys_role_menu` VALUES (1, 11);
INSERT INTO `sys_role_menu` VALUES (1, 12);
INSERT INTO `sys_role_menu` VALUES (1, 13);
INSERT INTO `sys_role_menu` VALUES (1, 14);
INSERT INTO `sys_role_menu` VALUES (1, 15);
INSERT INTO `sys_role_menu` VALUES (1, 19);
INSERT INTO `sys_role_menu` VALUES (1, 21);
INSERT INTO `sys_role_menu` VALUES (1, 22);
INSERT INTO `sys_role_menu` VALUES (3, 1);
INSERT INTO `sys_role_menu` VALUES (3, 11);
INSERT INTO `sys_role_menu` VALUES (3, 12);
INSERT INTO `sys_role_menu` VALUES (3, 13);
INSERT INTO `sys_role_menu` VALUES (3, 19);
INSERT INTO `sys_role_menu` VALUES (4, 1);
INSERT INTO `sys_role_menu` VALUES (4, 2);
INSERT INTO `sys_role_menu` VALUES (4, 11);
INSERT INTO `sys_role_menu` VALUES (4, 12);
INSERT INTO `sys_role_menu` VALUES (4, 13);
INSERT INTO `sys_role_menu` VALUES (4, 14);
INSERT INTO `sys_role_menu` VALUES (4, 15);
INSERT INTO `sys_role_menu` VALUES (4, 19);
COMMIT;

-- ----------------------------
-- Table structure for sys_user
-- ----------------------------
DROP TABLE IF EXISTS `sys_user`;
CREATE TABLE `sys_user` (
  `id` int(11) NOT NULL AUTO_INCREMENT COMMENT 'id',
  `username` varchar(50) COLLATE utf8mb4_unicode_ci DEFAULT NULL COMMENT '用户名',
  `password` varchar(50) COLLATE utf8mb4_unicode_ci DEFAULT NULL COMMENT '密码',
  `nickname` varchar(50) COLLATE utf8mb4_unicode_ci DEFAULT NULL COMMENT '昵称',
  `email` varchar(50) COLLATE utf8mb4_unicode_ci DEFAULT NULL COMMENT '邮箱',
  `phone` varchar(20) COLLATE utf8mb4_unicode_ci DEFAULT NULL COMMENT '电话',
  `address` varchar(255) COLLATE utf8mb4_unicode_ci DEFAULT NULL COMMENT '地址',
  `create_time` timestamp NULL DEFAULT CURRENT_TIMESTAMP COMMENT '创建时间',
  `avatar_url` varchar(255) COLLATE utf8mb4_unicode_ci DEFAULT NULL COMMENT '头像',
  `role` varchar(50) COLLATE utf8mb4_unicode_ci DEFAULT NULL COMMENT '角色',
  PRIMARY KEY (`id`) USING BTREE
) ENGINE=InnoDB AUTO_INCREMENT=114 DEFAULT CHARSET=utf8mb4 COLLATE=utf8mb4_unicode_ci ROW_FORMAT=DYNAMIC;

-- ----------------------------
-- Records of sys_user
-- ----------------------------
BEGIN;
INSERT INTO `sys_user` VALUES (1, 'admin', 'admin', '管理员', 'admin@qq.com', '13988997788', '谷城县', '2022-01-22 21:10:27', 'http://m.imeitou.com/uploads/allimg/2019022710/ayk4dr5gkvi.jpg', 'ROLE_ADMIN');
INSERT INTO `sys_user` VALUES (2, '222', '123', '茆畅', '222@163.com', '13988997789', '南郑县', '2022-02-26 22:10:14', 'http://m.imeitou.com/uploads/allimg/2019022710/ayk4dr5gkvi.jpg', 'ROLE_USER');
INSERT INTO `sys_user` VALUES (3, '333', '123', '旁梦菡', '123@163.com', '13988997790', '南郑县', '2022-02-26 22:10:18', 'http://localhost:8081/api/file/e640d4d7a609429f822af792fad28532.png', 'ROLE_USER');
INSERT INTO `sys_user` VALUES (4, 'ys', '123', '但蕙', '123@164.com', '13988997791', '南郑县', '2022-04-29 16:59:44', 'http://localhost:8081/api/file/e640d4d7a609429f822af792fad28532.png', 'ROLE_USER');
INSERT INTO `sys_user` VALUES (5, 'lx123', '123', '贾濯', '123@165.com', '13988997792', '南郑县', '2022-05-29 17:12:04', 'http://localhost:8081/api/file/e640d4d7a609429f822af792fad28532.png', 'ROLE_ILLEGAL');
INSERT INTO `sys_user` VALUES (6, 'sir324', '123', '鄢思凡', '123@166.com', '13988997793', '南郑县', '2022-06-08 17:00:47', 'http://localhost:8081/api/file/e640d4d7a609429f822af792fad28532.png', 'ROLE_USER');
INSERT INTO `sys_user` VALUES (7, 'daji', '123', '衅海荣', '123@167.com', '13988997794', '南郑县', '2022-07-08 17:20:01', 'http://localhost:8081/api/file/e640d4d7a609429f822af792fad28532.png', 'ROLE_ILLEGAL');
INSERT INTO `sys_user` VALUES (8, 'ddd', '123', '饶采萱', '123@168.com', '13988997795', '南郑县', '2022-11-09 10:41:07', 'http://localhost:8081/api/file/e640d4d7a609429f822af792fad28532.png', 'ROLE_USER');
INSERT INTO `sys_user` VALUES (9, '123', '123', '诗墨', '123@169.com', '13988997796', '南郑县', '2022-12-10 11:53:31', 'http://localhost:8081/api/file/e640d4d7a609429f822af792fad28532.png', 'ROLE_USER');
INSERT INTO `sys_user` VALUES (10, '3242', '123', '柏永思', '123@170.com', '13988997797', '南郑县', '2022-01-22 21:10:27', 'http://localhost:8081/api/file/e640d4d7a609429f822af792fad28532.png', 'ROLE_USER');
INSERT INTO `sys_user` VALUES (11, '342', '123', '通思懿', '123@171.com', '13988997798', '南郑县', '2022-02-26 22:10:14', 'http://localhost:8081/api/file/e640d4d7a609429f822af792fad28532.png', 'ROLE_USER');
INSERT INTO `sys_user` VALUES (12, '34342', '123', '子车灵阳', '123@172.com', '13988997799', '南郑县', '2022-02-26 22:10:18', 'http://localhost:8081/api/file/e640d4d7a609429f822af792fad28532.png', 'ROLE_USER');
INSERT INTO `sys_user` VALUES (13, '8678', '123', '莫正志', '123@173.com', '13988997800', '南郑县', '2022-04-29 16:59:44', 'http://localhost:8081/api/file/e640d4d7a609429f822af792fad28532.png', 'ROLE_USER');
INSERT INTO `sys_user` VALUES (14, '54654', '123', '魏雁菡', '123@174.com', '13988997801', '南郑县', '2022-05-29 17:12:04', 'http://localhost:8081/api/file/e640d4d7a609429f822af792fad28532.png', 'ROLE_USER');
INSERT INTO `sys_user` VALUES (15, '89789', '123', '淦昆皓', '123@175.com', '13988997802', '谷城县', '2022-06-08 17:00:47', 'http://localhost:8081/api/file/e640d4d7a609429f822af792fad28532.png', 'ROLE_USER');
INSERT INTO `sys_user` VALUES (16, '65756', '123', '习和裕', '123@176.com', '13988997803', '谷城县', '2022-07-08 17:20:01', 'http://localhost:8081/api/file/e640d4d7a609429f822af792fad28532.png', 'ROLE_USER');
INSERT INTO `sys_user` VALUES (17, '333', '123', '我是三三', '123@177.com', '13988997804', '南郑县', '2022-02-26 22:10:18', 'http://localhost:8081/api/file/e640d4d7a609429f822af792fad28532.png', 'ROLE_USER');
INSERT INTO `sys_user` VALUES (18, '1234', '123', '通思懿', '123@178.com', '13988997805', '谷城县', '2022-12-10 11:53:31', 'http://localhost:8081/api/file/e640d4d7a609429f822af792fad28532.png', 'ROLE_USER');
INSERT INTO `sys_user` VALUES (19, '1235', '123', '子车灵阳', '123@179.com', '13988997806', '谷城县', '2022-01-22 21:10:27', 'http://localhost:8081/api/file/e640d4d7a609429f822af792fad28532.png', 'ROLE_USER');
INSERT INTO `sys_user` VALUES (20, '1236', '123', '顾行', '123@180.com', '13988997807', '谷城县', '2022-02-26 22:10:14', 'http://localhost:8081/api/file/e640d4d7a609429f822af792fad28532.png', 'ROLE_USER');
INSERT INTO `sys_user` VALUES (21, '1237', '123', '嘉浩', '123@181.com', '13988997808', '谷城县', '2022-02-26 22:10:18', 'http://localhost:8081/api/file/e640d4d7a609429f822af792fad28532.png', 'ROLE_USER');
INSERT INTO `sys_user` VALUES (22, '1238', '123', '柏永思', '123@182.com', '13988997809', '谷城县', '2022-04-29 16:59:44', 'http://localhost:8081/api/file/e640d4d7a609429f822af792fad28532.png', 'ROLE_USER');
INSERT INTO `sys_user` VALUES (23, '1239', '123', '隆毅君', '123@183.com', '13988997810', '谷城县', '2022-05-29 17:12:04', 'http://localhost:8081/api/file/e640d4d7a609429f822af792fad28532.png', 'ROLE_USER');
INSERT INTO `sys_user` VALUES (24, '1240', '123', '茆畅', '123@184.com', '13988997811', '谷城县', '2022-06-08 17:00:47', 'http://localhost:8081/api/file/e640d4d7a609429f822af792fad28532.png', 'ROLE_USER');
INSERT INTO `sys_user` VALUES (25, '1241', '123', '旁梦菡', '123@185.com', '13988997812', '南郑县', '2022-07-08 17:20:01', 'http://localhost:8081/api/file/e640d4d7a609429f822af792fad28532.png', 'ROLE_USER');
INSERT INTO `sys_user` VALUES (26, '1242', '123', '但蕙', '123@186.com', '13988997813', '南郑县', '2022-11-09 10:41:07', 'http://localhost:8081/api/file/e640d4d7a609429f822af792fad28532.png', 'ROLE_USER');
INSERT INTO `sys_user` VALUES (27, '1243', '123', '贾濯', '123@187.com', '13988997814', '谷城县', '2022-12-10 11:53:31', 'http://localhost:8081/api/file/e640d4d7a609429f822af792fad28532.png', 'ROLE_USER');
INSERT INTO `sys_user` VALUES (28, '1244', '123', '鄢思凡', '123@188.com', '13988997815', '谷城县', '2022-01-22 21:10:27', 'http://localhost:8081/api/file/e640d4d7a609429f822af792fad28532.png', 'ROLE_USER');
INSERT INTO `sys_user` VALUES (29, '1245', '123', '衅海荣', '123@189.com', '13988997816', '谷城县', '2022-02-26 22:10:14', 'http://localhost:8081/api/file/e640d4d7a609429f822af792fad28532.png', 'ROLE_USER');
INSERT INTO `sys_user` VALUES (30, '1246', '123', '饶采萱', '123@190.com', '13988997817', '谷城县', '2022-02-26 22:10:18', 'http://localhost:8081/api/file/e640d4d7a609429f822af792fad28532.png', 'ROLE_USER');
INSERT INTO `sys_user` VALUES (31, '1247', '123', '诗墨', '123@191.com', '13988997818', '谷城县', '2022-04-29 16:59:44', 'http://localhost:8081/api/file/e640d4d7a609429f822af792fad28532.png', 'ROLE_USER');
INSERT INTO `sys_user` VALUES (32, '1248', '123', '莫正志', '123@192.com', '13988997819', '谷城县', '2022-05-29 17:12:04', 'http://localhost:8081/api/file/e640d4d7a609429f822af792fad28532.png', 'ROLE_USER');
INSERT INTO `sys_user` VALUES (33, '1249', '123', '魏雁菡', '123@193.com', '13988997820', '谷城县', '2022-06-08 17:00:47', 'http://localhost:8081/api/file/e640d4d7a609429f822af792fad28532.png', 'ROLE_USER');
INSERT INTO `sys_user` VALUES (34, '1250', '123', '淦昆皓', '123@194.com', '13988997821', '谷城县', '2022-07-08 17:20:01', 'http://localhost:8081/api/file/e640d4d7a609429f822af792fad28532.png', 'ROLE_USER');
INSERT INTO `sys_user` VALUES (106, '1251', '123', '习和裕', '123@195.com', '13988997822', '谷城县', '2022-11-09 10:41:07', 'http://localhost:8081/api/file/e640d4d7a609429f822af792fad28532.png', 'ROLE_USER');
INSERT INTO `sys_user` VALUES (107, '1252', '123', '甲芸儿', '123@196.com', '13988997823', '谷城县', '2022-12-10 11:53:31', 'http://localhost:8081/api/file/e640d4d7a609429f822af792fad28532.png', 'ROLE_USER');
INSERT INTO `sys_user` VALUES (108, '1253', '123', '甲芸儿', '123@197.com', '13988997824', '南郑县', '2022-01-22 21:10:27', 'http://localhost:8081/api/file/e640d4d7a609429f822af792fad28532.png', 'ROLE_USER');
INSERT INTO `sys_user` VALUES (109, '1254', '123', '通思懿', '123@198.com', '13988997825', '南郑县', '2022-02-26 22:10:14', 'http://localhost:8081/api/file/e640d4d7a609429f822af792fad28532.png', 'ROLE_USER');
INSERT INTO `sys_user` VALUES (110, '1255', '123', '子车灵阳', '123@199.com', '13988997826', '南郑县', '2022-02-26 22:10:18', 'http://localhost:8081/api/file/e640d4d7a609429f822af792fad28532.png', 'ROLE_USER');
INSERT INTO `sys_user` VALUES (111, '1256', '123', '顾行', '123@200.com', '13988997827', '南郑县', '2022-04-29 16:59:44', 'http://localhost:8081/api/file/e640d4d7a609429f822af792fad28532.png', 'ROLE_USER');
INSERT INTO `sys_user` VALUES (112, '1257', '123', '嘉浩', '123@201.com', '13988997828', '南郑县', '2022-05-29 17:12:04', 'http://localhost:8081/api/file/e640d4d7a609429f822af792fad28532.png', 'ROLE_USER');
INSERT INTO `sys_user` VALUES (113, '1258', '123', '柏永思', '123@202.com', '13988997829', '南郑县', '2022-06-08 17:00:47', 'http://localhost:8081/api/file/e640d4d7a609429f822af792fad28532.png', 'ROLE_USER');
COMMIT;

-- ----------------------------
-- Table structure for t_article
-- ----------------------------
DROP TABLE IF EXISTS `t_article`;
CREATE TABLE `t_article` (
  `id` int(11) NOT NULL AUTO_INCREMENT,
  `name` varchar(50) COLLATE utf8mb4_unicode_ci DEFAULT NULL COMMENT '标题',
  `content` text COLLATE utf8mb4_unicode_ci COMMENT '内容',
  `user` varchar(20) COLLATE utf8mb4_unicode_ci DEFAULT NULL COMMENT '发布人',
  `time` varchar(20) COLLATE utf8mb4_unicode_ci DEFAULT NULL COMMENT '发布时间',
  PRIMARY KEY (`id`) USING BTREE
) ENGINE=InnoDB AUTO_INCREMENT=6 DEFAULT CHARSET=utf8mb4 COLLATE=utf8mb4_unicode_ci ROW_FORMAT=DYNAMIC;

-- ----------------------------
-- Records of t_article
-- ----------------------------
BEGIN;
INSERT INTO `t_article` VALUES (3, '人口流动是城乡发展强大力量', '国家统计局近日发布的《经济社会发展统计图表：第七次全国人口普查超大、特大城市人口基本情况》显示，我国人口向大城市及城市群集聚的趋势更加明显。在深入推进以人为核心的新型城镇化背景下，下一步该如何更好地尊重人在城市发展中的主体地位，切实提升城市发展质量，保障全体居民共享城镇化发展成果，值得各地重视。为此，本报特推出“推进以人为核心的新型城镇化”系列评论，邀请中国城市和小城镇改革发展中心研究员冯奎作相关解读。\n\n　　第七次全国人口普查数据显示，我国的城镇化率达到63.89%，我国流动人口为3.76亿人，10年间增长了近70%。一些城市流动人口的比例稳定超过10%，符合社会学意义上“移民城市”的特征，深圳、东莞等城市的流动人口占总人口的比例已超过70%，深圳与上海的流动人口规模超过了1000万人。\n\n　　根据经济学的理性人假定，选择流动就是选择更好的生活。改革开放之初，长三角、珠三角的农民率先“流动”起来。今天亿万人次主动选择流动，形成一种联结广泛、充满活力的发展方式，如浙江义乌市场近两年在册流动人口均超过150万人，关联着全国200万家中小微企业、2000万产业工人，与全国287个主要市场以及233个国家和地区有贸易往来。\n\n　　对于人口流动，政策认识在不断深化，政策取向也在不断优化改进。改革开放之前，流动曾经被当作“问题”而受到限制。过去40年来，我国人口流动的主体是农民流向城镇，这与对流动人口管理与城镇化政策不断放松密切相关。总的来说，政策层面对于流动从加强管理转向提升服务，包容性越来越强。“七普”数据反映出人口流动已成为重要国情，应该更加深刻地认识人口流动的巨大意义，进而管好用好这一趋势，推动人口要素更加合理配置，推动实现城乡区域共同富裕。\n\n　　需要针对流动人口制定更加系统的中长期规划。第七次全国人口普查结果关于流动人口数量规模，超过有关部门和专家学者原先的估计值，这在一定程度上反映出由于各种原因，学术和政策层面对流动人口的认识有时相对不足。要系统研究流动人口与生产力布局、公共服务配置、财政税收政策等重大问题。加强对流动人口的科学研判，对重要的流出地、流入地进行跟踪分析。在有关规划上，流入地的公共服务要有一定量的“合理冗余”，以增加城市韧性；流出地要进行建设规模等方面的相应调整，提高资源的利用效率。\n\n　　流动人口具有不同类型，需要抓取主要问题精准施策。人口由乡到城的流动是人口流动的“大头”，2亿多在各类城镇工作的农民工面临落户与充分享受基本公共服务的现实问题。城市之间的人口流动涉及公共服务高效接转与共享问题，考验着城市治理能力。此外，人口在城市内部区域之间的流动，人口在乡村之间的流动，也是值得注意的现象，有关治理与服务有待加强。\n\n　　充分地释放流动人口的活力，关键要更好发挥城市政府的作用。这是因为，城市是人口流动最大的获益主体，也应是责任主体。近年来，多数城市政府认识到流动人口是城市的“宝”，千方百计希望流动人口留在这座城市。由于城市的管理权限和资源配置能力主要和户籍人口挂钩，有的城市流动人口数量过多，提供有关服务与保障时心有余而力不足。为使这些城市能承担住城市政府的责任，更高一级政府应给予合理的授权与政策，促使这些城市向流动人口提供相应的基础设施与公共服务。（冯 奎 来源：经济日报）\n\n（责任编辑：孙丹）', '管理员', '2022-03-27 21:41:53');
INSERT INTO `t_article` VALUES (4, '全国流动人口十年间增长将近70% 人口流向了哪里？', '# 全国流动人口3.76亿人，十年间增长了将近70%——\n\n## 人口流向了哪里？(透过“七人普”看变化①)\n\n　　第七次人口普查数据已于近日发布。数据蕴含着丰富的信息，反映了中国经济社会和人口发展的历史进程。除了人口总量变动这样的“宏大”数据，区域人口、家庭人口、不同年龄段人口的形态特征等分类信息同样受到广泛关注，传递着经济社会发展变化的新信号。本报今起连续推出“透过‘七人普’看变化”报道，围绕“七人普”部分数据展开分析，探讨人口变动背后的原因及其所代表的意义。\n\n　　——编 者\n\n　　广东是人口第一大省，江浙人口增加也很多——随着第七次全国人口普查结果公布，31省区市最新人口版图呈现在大家面前，并成为社会热议的焦点。\n\n　　哪个省份最“年轻”？哪个省份劳动力最充足？哪些省份吸引人？哪些省份要留人……人口数据背后，释放着丰富多样的信息，让我们一起来看看31省区市的人口版图和流动趋势。\n\n**数 量**\n\n　　广东人口最多，山东次之。\n\n　　广东和山东人口最多，人口均超过1亿。人口居前五位的省份广东、山东、河南、江苏、四川合计人口占全国人口比重达35.09%。\n\n　　**人口流动**\n\n　　居住地与户籍所在地不一致现象普遍\n\n　　人户分离人口达到4.93亿人，约占总人口的35%。从流向看，人口持续向沿江、沿海地区和内地城区集聚，长三角、珠三角、成渝城市群等主要城市群的人口增长迅速，集聚度加大。\n\n　　**年龄结构**\n\n　　西藏最“年轻”\n\n　　西藏0-14岁人口比重为24.53%，为全国最高。\n\n　　**性别结构**\n\n　　东北女多男少\n\n　　吉林(99.69)和辽宁(99.7)总人口性别比在100以下的省份有2个，黑龙江以100.35紧随其后。\n\n　　**受教育程度**\n\n　　北京“学历”最高\n\n　　北京每10万人中具有大学文化程度的为41980人，为全国最高。\n\n　　**各省人口之“最”引人关注**\n\n　　——广东人口最多，西藏最“年轻”，北京“学历”最高，吉林、辽宁女多男少\n\n　　数量、结构、素质等是人口的基本范畴。围绕这些方面，全国省区市的人口之“最”也纷纷出炉。\n\n　　看数量，广东人口最多，总量为126012510人；山东次之，为101527453人。这也是全国人口超过1亿的2个省份。\n\n　　目前人口在5000万人至1亿人之间的省份有9个，在1000万人至5000万人之间的省份有17个，少于1000万人的省份有3个。值得一提的是，人口居前五位的省份，即广东、山东、河南、江苏、四川五省合计人口占全国人口比重达35.09%。\n\n　　看年龄结构，西藏最“年轻”。数据显示，西藏0—14岁人口比重为24.53%，全国最高；而60岁及以上人口比重为8.52%，全国最低；除西藏(5.67%)外，其他省份65岁及以上老年人口比重均超过7%。\n\n　　从全国水平来看，0—14岁人口比重为17.95%，与2010年相比上升1.35个百分点；60岁及以上的老年人口总量为2.64亿人，已占到总人口的18.7%，比2010年上升5.44个百分点。在生育政策调整取得积极成效、少儿人口比重回升的同时，人口老龄化程度也进一步加深。\n\n　　看性别结构，东北女多男少，广东、海南、西藏男多女少情况突出。\n\n　　31个省份中，总人口性别比在100以下的省份有2个，分别是吉林(99.69)和辽宁(99.7)，意味着这两个省份女多男少；黑龙江以100.35紧随其后。东北三省性别比均低于全国总人口性别比105.07。全国人口性别比最高的3个省份分别是广东、海南和西藏，都在110以上。\n\n　　看人口素质，北京“学历”最高。北京每10万人中具有大学文化程度的达41980人，为全国最高，其后分别为上海、天津；北京15岁及以上人口平均受教育年限12.64年，也是全国最高，上海、天津同样紧随其后。\n\n　　全国人口中，具有大学文化程度的人口为21836万人。与2010年相比，每10万人中具有大学文化程度的由8930人上升为15467人，15岁及以上人口的平均受教育年限由9.08年提高至9.91年。\n\n　　人口数据背后，传递着经济社会发展的新信号。在中国国际经济交流中心经济研究部副部长刘向东看来，整理、分析和开发、利用人口数据，是各地都要做好的一项工作。比如围绕当前社会较为突出的“一老一小”问题，可结合当地人口实际提前谋划，推动社会“适老化”改造，增强生育政策包容性等，有针对性地制定人口相关政策，促进经济社会和人口长期均衡发展。\n\n　　人口流动规模更大\n\n　　——长三角、珠三角、成渝城市群等主要城市群人口增长迅速；城镇化率持续提高，未来城乡之间还将呈现大迁移大流动的基本格局\n\n　　在拥有逾14亿人口的中国，每年的人口迁徙流动规模庞大。人口流向哪儿了？有哪些趋势性特征？\n\n　　普查数据显示，居住地与户籍所在地不一致的现象已相当普遍，2020年中国人户分离人口达到4.93亿人，约占总人口的35%。其中，流动人口3.76亿人，十年间增长了将近70%。\n\n　　分区域看，东部地区人口占39.93%，中部地区占25.83%，西部地区占27.12%，东北地区占6.98%。与2010年第六次全国人口普查相比，东部地区人口所占比重上升2.15个百分点，中部地区下降0.79个百分点，西部地区上升0.22个百分点，东北地区下降1.20个百分点。\n\n　　分省份看，有25个省份人口增加。人口增长较多的5个省份依次为：广东、浙江、江苏、山东、河南，其中广东增加超2170万人。\n\n　　“从流向看，人口持续向沿江、沿海地区和内地城区集聚，长三角、珠三角、成渝城市群等主要城市群的人口增长迅速，集聚度加大。”国家统计局局长宁吉喆介绍。\n\n　　刘向东认为，人口流向背后首要的动力是地区的经济活跃度。有没有好的产业、优质的就业机会，能否带来较好的收入，是影响人口迁徙流动的主要因素。此外，宜业还要宜居，医疗、教育、生活环境品质等因素也影响着人们对城市的选择。“可以看到，许多城市不仅积极发展产业，也致力于打造优质生活圈，改善民生，这正是适应高质量发展需求、留住人才的需要。”刘向东说。\n\n　　从城乡发展来看，人口流动也与城镇化进程息息相关。中国人民大学人口与发展研究中心教授翟振武认为，人口迁移流动是城镇化率从2010年到2020年相继冲上50%和60%大关的主推进力，广东省由此继续成为人口数量最多的省份。“从发达国家城镇化的一般规律看，中国当前仍然处于城镇化率有潜力以较快速度提升的发展机遇期，‘十四五’时期可突破65%的城镇化率，城乡之间还将呈现出大迁移大流动的基本格局。”翟振武说。\n\n　　面向未来谋产业聚人才\n\n　　——人口流入流出，人才的集聚等处在动态过程中，各地需因地制宜，并将人口红利进一步转化为人才红利\n\n　　人口迁徙流动的同时，也有地区呈现人口净流出的态势，进一步引发关于“地区如何留住人”的讨论。\n\n　　普查数据显示，东北三省常住人口为9851万人，比2010年减少了1101万人，在全国的占比也由2010年的8.18%降至6.98%，下降了1.20个百分点。\n\n　　国务院第七次全国人口普查领导小组办公室负责人解释，东北人口呈现明显减少趋势，主要是长期低生育水平累积的人口负增长和人口净流出双重因素叠加所导致。这受到自然环境、地理环境、人口生育水平和经济社会发展等多方面因素的影响。\n\n　　一方面，东北在中国处于高纬度地区，冬季相对漫长且寒冷，一些东北人口向比较温暖的南方迁移流动，这也是全球不少国家人口迁移流动的趋势性特征，欧美都有这种现象。另一方面，东北地区经济正处于结构调整的攻坚期，沿海一些经济发达省市多样化的发展机会和就业前景，对其他地区包括东北地区的人口有较大的吸引力。\n\n　　“这提醒各地要靠发展产业、提供就业来留住人口尤其是年轻人。”刘向东说。人口流入流出，人才的集聚效应等都处在动态过程之中，不同地区也面临着不同的考验。“对人口流入较少或经济活跃度不足的地区，要关注产业结构，看是否有调整转型的空间；而对于人口大量流入的地区，则要关注并着力解决‘大城市病’的问题，更好地承担起经济和人才集聚的功能。”\n\n　　对全国各地而言，面临的共同课题是如何将人口红利进一步转化为人才红利。“提高人口素质，让更多人有成长成才的机会，适应现代社会的需要，这将进一步促进经济发展方式转变、产业结构升级、全要素生产率提高，推动人口和经济社会持续协调、健康发展。”刘向东说。\n\n　　记者：李 婕', '管理员', '2022-03-28 20:57:50');
INSERT INTO `t_article` VALUES (5, '我市流动人口调查报告发布', '昨天，市流动人口管理办委托国家统计局宁波调查队对全市流动人口的抽样调查报告发布。调查显示，流动人口最关注的问题是工资待遇、生活成本、就业、社会保障等；最满意的是交通便利、社会治安好、找工作比较容易等。\n\n\n**本次调查对象**为在宁波市辖区内工作、生活而户籍不在区域内的成年育龄人员。调查显示，我市流动人口主要来自农村，呈现来源广、以青壮年为主、受教育程度中等、长期从事同一工作的特点。本次样本总量中，男性占比60.1%，女性占比39.9%；农业户口占比82.6%，非农业户口占比17.4%。\n\n我市流动人口占全市人力资源总量的近六成，流动人口已成为我市经济社会发展的重要支撑。受访人群中，有配偶、在同一个地方务工的占比48.7%，占比最高；其次为未婚，占30.6%。其中48.2%的受访者表示与家人一起来宁波。从收入看，流动人口收入在5001-8000元的占46.0%。此外，一半受访者表示收入与去年相比为上涨。\n\n调查显示，我市流动人口服务实现三提升：\n\n保险参与度提升。从保险参与度来看，流动人口未参保率仅为8.1%，绝大部分参与社会保险、商业保险及缴纳住房公积金，尤其是已参保5年以上的达到43.7%。从保费缴纳情况看，单位缴纳占比较高。\n\n医疗便利度提升。从医药费报销结构来看，流动人口通过宁波医保支付比例达到80.9%。从医疗渠道来看，69.6的受访者选择大医院，28.8%的受访者选择乡镇（街道）卫生院；从医疗服务满意度来看，25.8%的受访者表示很满意，47.1%的受访者表示比较满意，25.9%的受访者表示一般。\n\n教育公平度提升。本轮调查中，78.8%的受访者表示没有子女在宁波读小学或初中，剩下21.1%的受访者中有84.7%表示在公办学校就读。在宁波接受教育的流动人口家长普遍满意度较高，入学便利、学校教学质量、上学费用、公共信息获取便利度均在70%以上。\n\n工作生活在宁波的流动人口，还有哪些诉求和期盼？\n\n调查显示，住有所居仍是最大期盼。从住房结构来看，流动人口居住环境有保障，34.6%的受访者居住在单位宿舍，29%的受访者住在公租房或廉租房。7.3%的受访者表示已经居住5年以上。\n\n一技之长有需求。从职业技能结构来看，流动人口处于较低水平，中级工、高级工、技师、高级技师占比仅为24.7%，远低于高质量发展需求。本轮调查中，57.3%的受访者表示近一年内参加过工作技能培训或学历教育；56.3%的受访者认为技能培训或学历教育对工作有帮助。培训需求方面，67.4%的受访者表示需要技能类培训（如车辆维修、电脑及IT、家政、厨师、刺绣等技能）；33.3%的受访者表示需要学历教育（成人教育、夜大、电大等）。\n\n本次调查还显示，只有三成受访者表示愿意在宁波定居。当问到流动人口对我市相关政策了解程度时，44.7%的受访者表示不了解，基本了解和很了解的合计只占22.6%。\n\n针对调查结果，市流动人口管理办表示将重点做好两方面工作。一是进一步深化“新居民”一件事改革，提升对“新居民”的服务；二是争取上半年出台流动人口优享公共服务、助力共同富裕政策，让更多流动人口成为“新居民”。\n\n', '管理员', '2022-03-28 21:00:50');
COMMIT;

-- ----------------------------
-- Table structure for t_comment
-- ----------------------------
DROP TABLE IF EXISTS `t_comment`;
CREATE TABLE `t_comment` (
  `id` int(11) NOT NULL AUTO_INCREMENT,
  `content` varchar(255) COLLATE utf8mb4_unicode_ci DEFAULT NULL COMMENT '内容',
  `user_id` int(11) DEFAULT NULL COMMENT '评论人id',
  `time` varchar(50) COLLATE utf8mb4_unicode_ci DEFAULT NULL COMMENT '评论时间',
  `pid` int(11) DEFAULT NULL COMMENT '父id',
  `origin_id` int(11) DEFAULT NULL COMMENT '最上级评论id',
  `article_id` int(11) DEFAULT NULL COMMENT '关联文章的id',
  PRIMARY KEY (`id`) USING BTREE
) ENGINE=InnoDB AUTO_INCREMENT=32 DEFAULT CHARSET=utf8mb4 COLLATE=utf8mb4_unicode_ci ROW_FORMAT=DYNAMIC;

-- ----------------------------
-- Records of t_comment
-- ----------------------------
BEGIN;
INSERT INTO `t_comment` VALUES (1, '123123 ', 1, '2022-03-27 21:43:56', 22, 22, 3);
INSERT INTO `t_comment` VALUES (2, '好好好', 7, '2022-03-28 20:54:25', NULL, NULL, 3);
INSERT INTO `t_comment` VALUES (3, '支持', 1, '2022-03-28 20:54:35', NULL, NULL, 3);
INSERT INTO `t_comment` VALUES (27, '支持', 1, '2022-03-28 21:39:23', NULL, NULL, 4);
INSERT INTO `t_comment` VALUES (28, '支持！！！', 1, '2022-03-28 21:39:56', NULL, NULL, 5);
INSERT INTO `t_comment` VALUES (29, '政策太好了', 1, '2022-03-28 21:49:36', 2, 2, 3);
INSERT INTO `t_comment` VALUES (30, '123', 1, '2022-04-19 09:03:08', NULL, NULL, 5);
INSERT INTO `t_comment` VALUES (31, '123', 1, '2022-04-19 09:03:15', 30, 30, 5);
COMMIT;

SET FOREIGN_KEY_CHECKS = 1;
